Timestamp,IpOri,PortaOri,IpDest,PortaDest,?,Tempo,BytesEnv,Banda(bps),Jitter,PctPerdido,PctEnv,%Perda,ForaOrdem
20191008114428,10.1.0.2,8505,10.1.0.1,4005,3,0.0-5.4,945210,1403892
20191008114428,10.1.0.1,4005,10.1.0.2,8505,3,0.0-5.4,945210,1407120,0.049,0,643,0.000,0
20191008114435,10.1.0.2,8504,10.1.0.1,4004,3,0.0-13.4,3786720,2260981
20191008114435,10.1.0.1,4004,10.1.0.2,8504,3,0.0-13.4,3786720,2262852,0.109,0,2576,0.000,0
20191008114441,10.1.0.2,8513,10.1.0.1,4013,3,0.0-15.8,6823740,3449846
20191008114441,10.1.0.1,4013,10.1.0.2,8513,3,0.0-15.8,6823740,3451730,0.075,0,4642,0.000,1
20191008114442,10.1.0.2,8526,10.1.0.1,4026,3,0.0-9.1,4712820,4145131
20191008114442,10.1.0.1,4026,10.1.0.2,8526,3,0.0-9.1,4712820,4158680,0.104,0,3206,0.000,10
20191008114442,10.1.0.2,8508,10.1.0.1,4008,3,0.0-18.5,2113860,913405
20191008114442,10.1.0.1,4008,10.1.0.2,8508,3,0.0-18.5,2113860,914641,0.116,0,1438,0.000,1
20191008114442,10.1.0.2,8518,10.1.0.1,4018,3,0.0-13.9,5837370,3365877
20191008114442,10.1.0.1,4018,10.1.0.2,8518,3,0.0-13.9,5837370,3367574,0.084,0,3971,0.000,1
20191008114444,10.1.0.2,8503,10.1.0.1,4003,3,0.0-23.8,8321670,2795515
20191008114444,10.1.0.1,4003,10.1.0.2,8503,3,0.0-23.8,8321670,2797784,0.087,0,5661,0.000,3
20191008114444,10.1.0.2,8523,10.1.0.1,4023,3,0.0-12.6,1121610,712701
20191008114444,10.1.0.1,4023,10.1.0.2,8523,3,0.0-12.6,1121610,713793,0.066,0,763,0.000,0
20191008114446,10.1.0.2,8539,10.1.0.1,4039,3,0.0-9.8,987840,805883
20191008114446,10.1.0.1,4039,10.1.0.2,8539,3,0.0-9.8,987840,808119,0.051,0,672,0.000,1
20191008114446,10.1.0.2,8547,10.1.0.1,4047,3,0.0-6.4,5975550,7455693
20191008114447,10.1.0.1,4047,10.1.0.2,8547,3,0.0-6.4,5975550,7462153,0.050,0,4065,0.000,3
20191008114447,10.1.0.2,8535,10.1.0.1,4035,3,0.0-11.5,1752240,1221627
20191008114447,10.1.0.1,4035,10.1.0.2,8535,3,0.0-11.4,1752240,1225132,0.083,0,1192,0.000,1
20191008114448,10.1.0.2,8544,10.1.0.1,4044,3,0.0-9.7,673260,558077
20191008114448,10.1.0.1,4044,10.1.0.2,8544,3,0.0-9.6,673260,558974,0.092,0,458,0.000,0
20191008114451,10.1.0.2,8515,10.1.0.1,4015,3,0.0-23.9,11357220,3801081
20191008114451,10.1.0.1,4015,10.1.0.2,8515,3,0.0-23.8,11357220,3809626,0.055,0,7726,0.000,16
20191008114451,10.1.0.2,8555,10.1.0.1,4055,3,0.0-7.9,1168650,1179641
20191008114451,10.1.0.1,4055,10.1.0.2,8555,3,0.0-7.9,1168650,1185971,0.136,0,795,0.000,1
20191008114453,10.1.0.2,8562,10.1.0.1,4062,3,0.0-6.4,2951760,3693514
20191008114453,10.1.0.1,4062,10.1.0.2,8562,3,0.0-6.4,2951760,3706660,0.104,0,2008,0.000,6
20191008114457,10.1.0.2,8543,10.1.0.1,4043,3,0.0-19.1,946680,397311
20191008114457,10.1.0.1,4043,10.1.0.2,8543,3,0.0-19.0,946680,398069,0.085,0,644,0.000,0
20191008114459,10.1.0.2,8540,10.1.0.1,4040,3,0.0-22.0,11665920,4243447
20191008114459,10.1.0.1,4040,10.1.0.2,8540,3,0.0-22.0,11665920,4247233,0.121,0,7936,0.000,6
20191008114500,10.1.0.2,8565,10.1.0.1,4065,3,0.0-12.4,696780,450558
20191008114500,10.1.0.1,4065,10.1.0.2,8565,3,0.0-12.3,696780,451917,0.072,0,474,0.000,0
20191008114501,10.1.0.2,8512,10.1.0.1,4012,3,0.0-35.4,820260,185343
20191008114501,10.1.0.1,4012,10.1.0.2,8512,3,0.0-35.4,820260,185418,0.590,0,558,0.000,0
20191008114501,10.1.0.2,8573,10.1.0.1,4073,3,0.0-7.5,92610,98302
20191008114502,10.1.0.1,4073,10.1.0.2,8573,3,0.0-7.5,92610,98521,0.954,0,63,0.000,0
20191008114502,10.1.0.2,8530,10.1.0.1,4030,3,0.0-28.0,5580120,1594365
20191008114502,10.1.0.1,4030,10.1.0.2,8530,3,0.0-28.0,5580120,1595933,0.082,0,3796,0.000,3
20191008114502,10.1.0.2,8541,10.1.0.1,4041,3,0.0-25.8,8799420,2729984
20191008114502,10.1.0.1,4041,10.1.0.2,8541,3,0.0-25.8,8799420,2731224,0.072,0,5986,0.000,2
20191008114504,10.1.0.2,8517,10.1.0.1,4017,3,0.0-36.0,1583190,352255
20191008114504,10.1.0.1,4017,10.1.0.2,8517,3,0.0-35.9,1583190,352516,0.078,0,1077,0.000,0
20191008114506,10.1.0.2,8545,10.1.0.1,4045,3,0.0-26.6,3117870,939004
20191008114506,10.1.0.1,4045,10.1.0.2,8545,3,0.0-26.5,3117870,939753,0.072,0,2121,0.000,0
20191008114507,10.1.0.2,8574,10.1.0.1,4074,3,0.0-11.6,842310,581630
20191008114507,10.1.0.1,4074,10.1.0.2,8574,3,0.0-11.6,842310,582962,0.099,0,573,0.000,0
20191008114507,10.1.0.2,8525,10.1.0.1,4025,3,0.0-34.9,8634780,1978365
20191008114507,10.1.0.1,4025,10.1.0.2,8525,3,0.0-34.9,8634780,1979116,0.066,0,5874,0.000,0
20191008114507,10.1.0.2,8529,10.1.0.1,4029,3,0.0-34.0,213150,50175
20191008114507,10.1.0.1,4029,10.1.0.2,8529,3,0.0-34.0,213150,50220,0.082,0,145,0.000,0
20191008114508,10.1.0.2,8560,10.1.0.1,4060,3,0.0-21.7,3257520,1199100
20191008114508,10.1.0.1,4060,10.1.0.2,8560,3,0.0-21.7,3257520,1201268,0.107,0,2216,0.000,1
20191008114511,10.1.0.2,8509,10.1.0.1,4009,3,0.0-47.0,6537090,1113086
20191008114511,10.1.0.1,4009,10.1.0.2,8509,3,0.0-47.0,6537090,1113785,0.075,0,4447,0.000,1
20191008114512,10.1.0.2,8519,10.1.0.1,4019,3,0.0-41.5,29285340,5646330
20191008114512,10.1.0.1,4019,10.1.0.2,8519,3,0.0-41.5,29285340,5648396,0.055,0,19922,0.000,7
20191008114515,10.1.0.2,8537,10.1.0.1,4037,3,0.0-38.3,7754250,1618942
20191008114515,10.1.0.1,4037,10.1.0.2,8537,3,0.0-38.3,7754250,1619997,0.052,0,5275,0.000,2
20191008114515,10.1.0.2,8594,10.1.0.1,4094,3,0.0-5.9,1127490,1532924
20191008114515,10.1.0.1,4094,10.1.0.2,8594,3,0.0-5.9,1127490,1537543,0.149,0,767,0.000,0
20191008114518,10.1.0.2,8510,10.1.0.1,4010,3,0.0-53.7,13807710,2055166
20191008114518,10.1.0.1,4010,10.1.0.2,8510,3,0.0-53.7,13807710,2055421,0.108,0,9393,0.000,0
20191008114519,10.1.0.2,8571,10.1.0.1,4071,3,0.0-25.3,13954710,4420599
20191008114519,10.1.0.2,8520,10.1.0.1,4020,3,0.0-48.3,20674080,3421182
20191008114519,10.1.0.1,4020,10.1.0.2,8520,3,0.0-48.3,20674080,3424815,0.103,0,14064,0.000,14
20191008114519,10.1.0.1,4071,10.1.0.2,8571,3,0.0-25.2,13954710,4422582,0.055,0,9493,0.000,3
20191008114522,10.1.0.2,8566,10.1.0.1,4066,3,0.0-32.9,8578920,2084860
20191008114522,10.1.0.1,4066,10.1.0.2,8566,3,0.0-32.9,8578920,2085775,0.120,0,5836,0.000,1
20191008114523,10.1.0.2,8588,10.1.0.1,4088,3,0.0-16.6,2496060,1200124
20191008114523,10.1.0.1,4088,10.1.0.2,8588,3,0.0-16.6,2496060,1203731,0.123,0,1698,0.000,2
20191008114524,10.1.0.2,8531,10.1.0.1,4031,3,0.0-50.2,4243890,676862
20191008114524,10.1.0.1,4031,10.1.0.2,8531,3,0.0-50.2,4243890,676916,0.094,0,2887,0.000,0
20191008114525,10.1.0.2,8564,10.1.0.1,4064,3,0.0-37.2,901110,193535
20191008114525,10.1.0.1,4064,10.1.0.2,8564,3,0.0-37.2,901110,193601,0.160,0,613,0.000,0
20191008114525,10.1.0.2,8603,10.1.0.1,4103,3,0.0-12.9,2066820,1286139
20191008114525,10.1.0.1,4103,10.1.0.2,8603,3,0.0-12.9,2066820,1286648,0.058,0,1406,0.000,0
20191008114526,10.1.0.2,8506,10.1.0.1,4006,3,0.0-63.2,19758270,2501630
20191008114526,10.1.0.1,4006,10.1.0.2,8506,3,0.0-63.2,19758270,2501993,0.096,0,13441,0.000,1
20191008114527,10.1.0.2,8619,10.1.0.1,4119,3,0.0-6.0,371910,499707
20191008114527,10.1.0.1,4119,10.1.0.2,8619,3,0.0-5.9,371910,500281,62.588,0,253,0.000,0
20191008114527,10.1.0.2,8609,10.1.0.1,4109,3,0.0-10.5,762930,579578
20191008114527,10.1.0.1,4109,10.1.0.2,8609,3,0.0-10.5,762930,579879,0.074,0,519,0.000,0
20191008114527,10.1.0.2,8528,10.1.0.1,4028,3,0.0-53.8,11971680,1780734
20191008114527,10.1.0.1,4028,10.1.0.2,8528,3,0.0-53.7,11971680,1781849,0.065,0,8144,0.000,2
20191008114527,10.1.0.2,8550,10.1.0.1,4050,3,0.0-45.7,13228530,2315260
20191008114527,10.1.0.1,4050,10.1.0.2,8550,3,0.0-45.7,13228530,2316400,0.082,0,8999,0.000,3
20191008114528,10.1.0.2,8592,10.1.0.1,4092,3,0.0-19.0,561540,236542
20191008114528,10.1.0.1,4092,10.1.0.2,8592,3,0.0-19.0,561540,236945,0.536,0,382,0.000,0
20191008114528,10.1.0.2,8567,10.1.0.1,4067,3,0.0-38.4,920220,191487
20191008114528,10.1.0.1,4067,10.1.0.2,8567,3,0.0-38.4,920220,191561,0.066,0,626,0.000,0
20191008114528,10.1.0.2,8577,10.1.0.1,4077,3,0.0-31.1,9374190,2414588
20191008114528,10.1.0.1,4077,10.1.0.2,8577,3,0.0-31.0,9374190,2417755,0.083,0,6377,0.000,7
20191008114528,10.1.0.2,8551,10.1.0.1,4051,3,0.0-46.8,2078580,355327
20191008114528,10.1.0.1,4051,10.1.0.2,8551,3,0.0-46.8,2078580,355434,0.110,0,1414,0.000,0
20191008114529,10.1.0.2,8572,10.1.0.1,4072,3,0.0-35.1,17223990,3923963
20191008114529,10.1.0.1,4072,10.1.0.2,8572,3,0.0-35.1,17223990,3929812,0.107,0,11717,0.000,17
20191008114529,10.1.0.2,8554,10.1.0.1,4054,3,0.0-46.5,3983700,686079
20191008114529,10.1.0.1,4054,10.1.0.2,8554,3,0.0-46.4,3983700,686405,0.118,0,2710,0.000,0
20191008114530,10.1.0.2,8534,10.1.0.1,4034,3,0.0-54.4,11473350,1687550
20191008114530,10.1.0.1,4034,10.1.0.2,8534,3,0.0-54.4,11473350,1687793,0.103,0,7805,0.000,0
20191008114530,10.1.0.2,8584,10.1.0.1,4084,3,0.0-26.7,6232800,1864700
20191008114530,10.1.0.1,4084,10.1.0.2,8584,3,0.0-26.7,6232800,1865185,0.090,0,4240,0.000,0
20191008114530,10.1.0.2,8538,10.1.0.1,4038,3,0.0-53.7,14682360,2188285
20191008114530,10.1.0.1,4038,10.1.0.2,8538,3,0.0-53.7,14682360,2188788,0.070,0,9988,0.000,1
20191008114531,10.1.0.2,8514,10.1.0.1,4014,3,0.0-64.5,12499410,1550334
20191008114531,10.1.0.1,4014,10.1.0.2,8514,3,0.0-64.5,12499410,1551319,0.096,0,8503,0.000,3
20191008114532,10.1.0.2,8522,10.1.0.1,4022,3,0.0-61.4,596820,77823
20191008114532,10.1.0.1,4022,10.1.0.2,8522,3,0.0-61.3,596820,77850,0.181,0,406,0.000,0
20191008114533,10.1.0.2,8521,10.1.0.1,4021,3,0.0-61.8,35190330,4558845
20191008114533,10.1.0.1,4021,10.1.0.2,8521,3,0.0-61.7,35190330,4559891,0.099,0,23939,0.000,4
20191008114533,10.1.0.2,8627,10.1.0.1,4127,3,0.0-8.5,2372580,2221047
20191008114533,10.1.0.1,4127,10.1.0.2,8627,3,0.0-8.5,2372580,2226136,0.057,0,1614,0.000,3
20191008114533,10.1.0.2,8569,10.1.0.1,4069,3,0.0-41.5,3017910,581631
20191008114533,10.1.0.1,4069,10.1.0.2,8569,3,0.0-41.5,3017910,581747,0.097,0,2053,0.000,0
20191008114533,10.1.0.2,8581,10.1.0.1,4081,3,0.0-33.5,4138050,987134
20191008114533,10.1.0.1,4081,10.1.0.2,8581,3,0.0-33.5,4138050,988547,0.093,0,2815,0.000,0
20191008114534,10.1.0.2,8630,10.1.0.1,4130,3,0.0-8.6,1712550,1601527
20191008114534,10.1.0.1,4130,10.1.0.2,8630,3,0.0-8.5,1712550,1610227,0.111,0,1165,0.000,5
20191008114535,10.1.0.2,8621,10.1.0.1,4121,3,0.0-13.4,405720,242687
20191008114535,10.1.0.2,8563,10.1.0.1,4063,3,0.0-48.4,6381270,1054718
20191008114535,10.1.0.1,4121,10.1.0.2,8621,3,0.0-13.4,405720,242975,0.064,0,276,0.000,0
20191008114535,10.1.0.1,4063,10.1.0.2,8563,3,0.0-48.4,6381270,1054933,0.081,0,4341,0.000,0
20191008114536,10.1.0.2,8502,10.1.0.1,4002,3,0.0-76.1,12846330,1349631
20191008114537,10.1.0.2,8586,10.1.0.1,4086,3,0.0-32.4,2543100,627711
20191008114537,10.1.0.2,8561,10.1.0.1,4061,3,0.0-51.0,23187780,3638269
20191008114537,10.1.0.1,4061,10.1.0.2,8561,3,0.0-51.0,23187780,3639736,0.071,0,15774,0.000,5
20191008114538,10.1.0.2,8501,10.1.0.1,4001,3,0.0-78.7,402780,40959
20191008114538,10.1.0.1,4001,10.1.0.2,8501,3,0.0-78.6,402780,40986,0.077,0,274,0.000,0
20191008114540,10.1.0.2,8628,10.1.0.1,4128,3,0.0-14.5,3381000,1862636
20191008114540,10.1.0.1,4128,10.1.0.2,8628,3,0.0-14.5,3381000,1867330,0.121,0,2300,0.000,5
20191008114541,10.1.0.2,8576,10.1.0.1,4076,3,0.0-43.7,263130,48127
20191008114541,10.1.0.1,4076,10.1.0.2,8576,3,0.0-43.7,263130,48173,62.602,0,179,0.000,0
20191008114541,10.1.0.2,8608,10.1.0.1,4108,3,0.0-24.8,936390,302079
20191008114541,10.1.0.1,4108,10.1.0.2,8608,3,0.0-24.8,936390,302534,0.242,0,637,0.000,0
20191008114541,10.1.0.2,8553,10.1.0.1,4053,3,0.0-58.7,12764010,1739774
20191008114541,10.1.0.1,4053,10.1.0.2,8553,3,0.0-58.7,12764010,1740809,0.069,0,8683,0.000,3
20191008114541,10.1.0.2,8556,10.1.0.1,4056,3,0.0-58.0,6884010,950271
20191008114541,10.1.0.1,4056,10.1.0.2,8556,3,0.0-57.9,6884010,950694,0.097,0,4683,0.000,0
20191008114542,10.1.0.2,8549,10.1.0.1,4049,3,0.0-60.5,18244170,2412542
20191008114542,10.1.0.1,4049,10.1.0.2,8549,3,0.0-60.5,18244170,2412913,0.100,0,12411,0.000,1
20191008114543,10.1.0.2,8641,10.1.0.1,4141,3,0.0-10.7,251370,188415
20191008114543,10.1.0.1,4141,10.1.0.2,8641,3,0.0-10.7,251370,188667,62.570,0,171,0.000,0
20191008114544,10.1.0.2,8653,10.1.0.1,4153,3,0.0-5.2,4307100,6674373
20191008114544,10.1.0.1,4153,10.1.0.2,8653,3,0.0-5.2,4307100,6689680,0.100,0,2930,0.000,6
20191008114544,10.1.0.2,8575,10.1.0.1,4075,3,0.0-48.6,1653750,272383
20191008114544,10.1.0.1,4075,10.1.0.2,8575,3,0.0-48.5,1653750,272567,0.061,0,1125,0.000,0
20191008114544,10.1.0.2,8516,10.1.0.1,4016,3,0.0-76.7,6579720,686079
20191008114545,10.1.0.1,4016,10.1.0.2,8516,3,0.0-76.7,6579720,686152,0.122,0,4476,0.000,0
20191008114545,10.1.0.2,8580,10.1.0.1,4080,3,0.0-45.7,8004150,1399806
20191008114545,10.1.0.1,4080,10.1.0.2,8580,3,0.0-45.7,8004150,1400805,0.130,0,5445,0.000,3
20191008114545,10.1.0.2,8582,10.1.0.1,4082,3,0.0-44.2,2206470,399359
20191008114545,10.1.0.1,4082,10.1.0.2,8582,3,0.0-44.2,2206470,399726,0.165,0,1501,0.000,0
20191008114547,10.1.0.2,8632,10.1.0.1,4132,3,0.0-19.6,163170,66559
20191008114547,10.1.0.2,8511,10.1.0.1,4011,3,0.0-81.5,14688240,1441791
20191008114547,10.1.0.1,4011,10.1.0.2,8511,3,0.0-81.5,14688240,1442185,0.062,0,9992,0.000,1
20191008114549,10.1.0.2,8536,10.1.0.1,4036,3,0.0-73.3,15793680,1724414
20191008114549,10.1.0.1,4036,10.1.0.2,8536,3,0.0-73.3,15793680,1724842,0.082,0,10744,0.000,0
20191008114550,10.1.0.2,8559,10.1.0.1,4059,3,0.0-64.0,327810,40959
20191008114550,10.1.0.1,4059,10.1.0.2,8559,3,0.0-64.0,327810,40980,62.695,0,223,0.000,0
20191008114550,10.1.0.2,8524,10.1.0.1,4024,3,0.0-78.8,776160,78847
20191008114550,10.1.0.1,4024,10.1.0.2,8524,3,0.0-78.7,776160,78856,0.090,0,528,0.000,0
20191008114551,10.1.0.2,8668,10.1.0.1,4168,3,0.0-6.1,601230,788464
20191008114551,10.1.0.1,4168,10.1.0.2,8668,3,0.0-6.1,601230,789472,0.092,0,409,0.000,0
20191008114551,10.1.0.2,8665,10.1.0.1,4165,3,0.0-6.9,2285850,2659297
20191008114551,10.1.0.1,4165,10.1.0.2,8665,3,0.0-6.9,2285850,2666780,0.070,0,1555,0.000,4
20191008114552,10.1.0.2,8596,10.1.0.1,4096,3,0.0-42.6,23716980,4450299
20191008114552,10.1.0.1,4096,10.1.0.2,8596,3,0.0-42.6,23716980,4455135,0.113,0,16134,0.000,18
20191008114553,10.1.0.2,8542,10.1.0.1,4042,3,0.0-75.7,11740890,1240063
20191008114553,10.1.0.1,4042,10.1.0.2,8542,3,0.0-75.7,11740890,1240535,0.117,0,7987,0.000,0
20191008114553,10.1.0.2,8597,10.1.0.1,4097,3,0.0-43.6,1483230,272383
20191008114553,10.1.0.1,4097,10.1.0.2,8597,3,0.0-43.5,1483230,272691,0.060,0,1009,0.000,0
20191008114553,10.1.0.2,8607,10.1.0.1,4107,3,0.0-38.3,191100,39935
20191008114554,10.1.0.1,4107,10.1.0.2,8607,3,0.0-38.2,191100,39984,0.055,0,130,0.000,0
20191008114554,10.1.0.2,8670,10.1.0.1,4170,3,0.0-8.7,179340,164862
20191008114554,10.1.0.1,4170,10.1.0.2,8670,3,0.0-8.7,179340,165194,0.547,0,122,0.000,0
20191008114555,10.1.0.2,8507,10.1.0.1,4007,3,0.0-92.2,28248990,2451454
20191008114555,10.1.0.1,4007,10.1.0.2,8507,3,0.0-92.1,28248990,2452489,0.080,0,19217,0.000,7
20191008114556,10.1.0.2,8631,10.1.0.1,4131,3,0.0-30.5,2000670,525311
20191008114556,10.1.0.1,4131,10.1.0.2,8631,3,0.0-30.4,2000670,526036,0.240,0,1361,0.000,1
20191008114556,10.1.0.2,8579,10.1.0.1,4079,3,0.0-58.2,1853670,254975
20191008114556,10.1.0.1,4079,10.1.0.2,8579,3,0.0-58.1,1853670,255179,0.069,0,1261,0.000,0
20191008114557,10.1.0.2,8634,10.1.0.1,4134,3,0.0-29.1,1916880,527358
20191008114557,10.1.0.1,4134,10.1.0.2,8634,3,0.0-29.1,1916880,527542,0.119,0,1304,0.000,0
20191008114558,10.1.0.2,8648,10.1.0.1,4148,3,0.0-21.5,637980,237566
20191008114601,10.1.0.2,8548,10.1.0.1,4048,3,0.0-80.2,16162650,1611774
20191008114601,10.1.0.2,8527,10.1.0.1,4027,3,0.0-88.4,11680620,1056767
20191008114601,10.1.0.1,4048,10.1.0.2,8548,3,0.0-80.2,16162650,1612105,0.088,0,10995,0.000,0
20191008114601,10.1.0.1,4027,10.1.0.2,8527,3,0.0-88.4,11680620,1056964,0.053,0,7946,0.000,0
20191008114602,10.1.0.2,8583,10.1.0.1,4083,3,0.0-59.3,895230,120831
20191008114602,10.1.0.1,4083,10.1.0.2,8583,3,0.0-59.3,895230,120867,0.141,0,609,0.000,0
20191008114603,10.1.0.2,8684,10.1.0.1,4184,3,0.0-10.3,5447820,4217827
20191008114603,10.1.0.1,4184,10.1.0.2,8684,3,0.0-10.3,5447820,4221206,0.081,0,3706,0.000,2
20191008114604,10.1.0.2,8698,10.1.0.1,4198,3,0.0-5.5,201390,293885
20191008114604,10.1.0.1,4198,10.1.0.2,8698,3,0.0-5.5,201390,294242,0.111,0,137,0.000,0
20191008114605,10.1.0.2,8674,10.1.0.1,4174,3,0.0-18.4,1167180,507902
20191008114605,10.1.0.2,8552,10.1.0.1,4052,3,0.0-82.9,1909530,184319
20191008114605,10.1.0.1,4052,10.1.0.2,8552,3,0.0-82.9,1909530,184381,0.158,0,1299,0.000,0
20191008114606,10.1.0.2,8602,10.1.0.1,4102,3,0.0-53.9,18657240,2768893
20191008114606,10.1.0.2,8638,10.1.0.1,4138,3,0.0-34.4,1224510,284671
20191008114606,10.1.0.1,4102,10.1.0.2,8602,3,0.0-53.9,18657240,2770295,0.265,0,12692,0.000,5
20191008114606,10.1.0.1,4138,10.1.0.2,8638,3,0.0-34.4,1224510,285106,1.038,0,833,0.000,0
20191008114607,10.1.0.2,8633,10.1.0.1,4133,3,0.0-39.2,16747710,3414012
20191008114607,10.1.0.1,4133,10.1.0.2,8633,3,0.0-39.2,16747710,3415607,0.060,0,11393,0.000,4
20191008114607,10.1.0.2,8570,10.1.0.1,4070,3,0.0-75.0,12983040,1385470
20191008114607,10.1.0.1,4070,10.1.0.2,8570,3,0.0-75.0,12983040,1385641,0.094,0,8832,0.000,0
20191008114608,10.1.0.2,8647,10.1.0.1,4147,3,0.0-32.4,14575050,3601403
20191008114608,10.1.0.1,4147,10.1.0.2,8647,3,0.0-32.3,14575050,3605639,0.065,0,9915,0.000,11
20191008114609,10.1.0.2,8557,10.1.0.1,4057,3,0.0-84.6,18905670,1786879
20191008114609,10.1.0.1,4057,10.1.0.2,8557,3,0.0-84.6,18905670,1787300,0.073,0,12861,0.000,0
20191008114609,10.1.0.2,8654,10.1.0.1,4154,3,0.0-31.1,2484300,639998
20191008114610,10.1.0.1,4154,10.1.0.2,8654,3,0.0-31.0,2484300,640227,0.113,0,1690,0.000,0
20191008114610,10.1.0.2,8656,10.1.0.1,4156,3,0.0-28.2,3458910,982014
20191008114610,10.1.0.1,4156,10.1.0.2,8656,3,0.0-28.1,3458910,983220,0.065,0,2353,0.000,2
20191008114610,10.1.0.2,8568,10.1.0.1,4068,3,0.0-79.6,9716700,976894
20191008114610,10.1.0.1,4068,10.1.0.2,8568,3,0.0-79.6,9716700,977058,0.174,0,6610,0.000,0
20191008114610,10.1.0.2,8558,10.1.0.1,4058,3,0.0-85.6,19340790,1807359
20191008114610,10.1.0.1,4058,10.1.0.2,8558,3,0.0-85.6,19340790,1807685,0.079,0,13157,0.000,1
20191008114611,10.1.0.2,8661,10.1.0.1,4161,3,0.0-27.5,630630,183295
20191008114611,10.1.0.1,4161,10.1.0.2,8661,3,0.0-27.5,630630,183551,0.116,0,429,0.000,0
20191008114612,10.1.0.2,8615,10.1.0.1,4115,3,0.0-53.0,31141950,4702204
20191008114612,10.1.0.1,4115,10.1.0.2,8615,3,0.0-52.9,31134600,4704748,1.464,5,21185,0.024,11
20191008114612,10.1.0.2,8532,10.1.0.1,4032,3,0.0-98.0,9935730,811007
20191008114612,10.1.0.2,8533,10.1.0.1,4033,3,0.0-97.8,13900320,1136639
20191008114612,10.1.0.1,4032,10.1.0.2,8532,3,0.0-98.0,9935730,811251,0.476,0,6759,0.000,0
20191008114612,10.1.0.1,4033,10.1.0.2,8533,3,0.0-97.8,13897380,1136651,0.242,2,9456,0.021,0
20191008114613,10.1.0.2,8546,10.1.0.1,4046,3,0.0-92.9,18992400,1635326
20191008114613,10.1.0.1,4046,10.1.0.2,8546,3,0.0-92.9,18992400,1635510,0.100,0,12920,0.000,0
20191008114613,10.1.0.2,8689,10.1.0.1,4189,3,0.0-17.6,12236280,5573617
20191008114613,10.1.0.1,4189,10.1.0.2,8689,3,0.0-17.5,12236280,5590888,0.076,0,8324,0.000,25
20191008114613,10.1.0.2,8657,10.1.0.1,4157,3,0.0-31.2,21178290,5433335
20191008114613,10.1.0.1,4157,10.1.0.2,8657,3,0.0-31.2,21178290,5436419,0.059,0,14407,0.000,7
20191008114613,10.1.0.2,8625,10.1.0.1,4125,3,0.0-50.3,9997470,1590270
20191008114613,10.1.0.1,4125,10.1.0.2,8625,3,0.0-50.3,9997470,1590994,0.072,0,6801,0.000,0
20191008114614,10.1.0.2,8681,10.1.0.1,4181,3,0.0-23.5,2454900,834556
20191008114614,10.1.0.1,4181,10.1.0.2,8681,3,0.0-23.5,2454900,835257,0.281,0,1670,0.000,0
20191008114614,10.1.0.2,8710,10.1.0.1,4210,3,0.0-10.1,32340,25599
20191008114614,10.1.0.1,4210,10.1.0.2,8710,3,0.0-10.1,32340,25673,0.242,0,22,0.000,0
20191008114615,10.1.0.2,8616,10.1.0.1,4116,3,0.0-55.9,5730060,820222
20191008114616,10.1.0.2,8589,10.1.0.1,4089,3,0.0-69.7,3657360,419839
20191008114616,10.1.0.1,4089,10.1.0.2,8589,3,0.0-69.7,3657360,420043,0.107,0,2488,0.000,0
20191008114617,10.1.0.2,8600,10.1.0.1,4100,3,0.0-66.4,943740,113663
20191008114618,10.1.0.2,8673,10.1.0.1,4173,3,0.0-32.3,14598570,3620859
20191008114618,10.1.0.2,8578,10.1.0.1,4078,3,0.0-80.5,36620640,3641342
20191008114618,10.1.0.1,4173,10.1.0.2,8673,3,0.0-32.2,14598570,3624488,0.289,0,9931,0.000,9
20191008114618,10.1.0.2,8613,10.1.0.1,4113,3,0.0-60.2,2995860,398335
20191008114618,10.1.0.1,4113,10.1.0.2,8613,3,0.0-60.1,2995860,398457,0.658,0,2038,0.000,0
20191008114619,10.1.0.2,8611,10.1.0.1,4111,3,0.0-62.2,1552320,199679
20191008114619,10.1.0.1,4111,10.1.0.2,8611,3,0.0-62.2,1552320,199790,0.076,0,1056,0.000,0
20191008114619,10.1.0.2,8702,10.1.0.1,4202,3,0.0-19.7,6194580,2514931
20191008114619,10.1.0.1,4202,10.1.0.2,8702,3,0.0-19.7,6194580,2518123,0.120,0,4214,0.000,4
20191008114620,10.1.0.2,8711,10.1.0.1,4211,3,0.0-15.2,1380330,724989
20191008114620,10.1.0.1,4211,10.1.0.2,8711,3,0.0-15.2,1380330,725627,0.070,0,939,0.000,0
20191008114620,10.1.0.2,8642,10.1.0.1,4142,3,0.0-46.7,19024740,3257340
20191008114620,10.1.0.1,4142,10.1.0.2,8642,3,0.0-46.7,19024740,3257905,0.117,0,12942,0.000,1
20191008114620,10.1.0.2,8690,10.1.0.1,4190,3,0.0-25.3,1822800,576510
20191008114620,10.1.0.1,4190,10.1.0.2,8690,3,0.0-25.2,1822800,577585,0.235,0,1240,0.000,0
20191008114621,10.1.0.2,8701,10.1.0.1,4201,3,0.0-20.9,13234410,5057518
20191008114621,10.1.0.1,4201,10.1.0.2,8701,3,0.0-20.9,13234410,5059254,0.070,0,9003,0.000,2
20191008114621,10.1.0.2,8679,10.1.0.1,4179,3,0.0-32.2,445410,110591
20191008114621,10.1.0.1,4179,10.1.0.2,8679,3,0.0-32.2,445410,110766,0.075,0,303,0.000,0
20191008114622,10.1.0.2,8699,10.1.0.1,4199,3,0.0-23.6,4589340,1556477
20191008114622,10.1.0.1,4199,10.1.0.2,8699,3,0.0-23.6,4589340,1556991,0.258,0,3122,0.000,0
20191008114622,10.1.0.2,8712,10.1.0.1,4212,3,0.0-16.2,11595360,5742577
20191008114622,10.1.0.2,8601,10.1.0.1,4101,3,0.0-70.7,3622080,409599
20191008114622,10.1.0.1,4212,10.1.0.2,8712,3,0.0-16.1,11595360,5747871,0.072,0,7888,0.000,7
20191008114622,10.1.0.1,4101,10.1.0.2,8601,3,0.0-70.7,3622080,409877,0.053,0,2464,0.000,0
20191008114624,10.1.0.2,8680,10.1.0.1,4180,3,0.0-33.1,3154620,761854
20191008114624,10.1.0.2,8733,10.1.0.1,4233,3,0.0-6.8,1302420,1535991
20191008114624,10.1.0.2,8604,10.1.0.1,4104,3,0.0-71.2,3980760,447487
20191008114624,10.1.0.1,4233,10.1.0.2,8733,3,0.0-6.8,1302420,1538026,0.079,0,886,0.000,0
20191008114624,10.1.0.2,8636,10.1.0.1,4136,3,0.0-54.6,7799820,1142782
20191008114625,10.1.0.2,8734,10.1.0.1,4234,3,0.0-7.5,837900,898043
20191008114625,10.1.0.2,8692,10.1.0.1,4192,3,0.0-28.9,1818390,503807
20191008114625,10.1.0.1,4192,10.1.0.2,8692,3,0.0-28.9,1818390,503979,0.161,0,1237,0.000,0
20191008114625,10.1.0.2,8585,10.1.0.1,4085,3,0.0-81.3,19618620,1931263
20191008114625,10.1.0.1,4085,10.1.0.2,8585,3,0.0-81.2,19618620,1932080,0.060,0,13346,0.000,4
20191008114627,10.1.0.2,8639,10.1.0.1,4139,3,0.0-55.0,20665260,3003388
20191008114627,10.1.0.1,4139,10.1.0.2,8639,3,0.0-55.0,20665260,3005689,0.082,0,14058,0.000,10
20191008114627,10.1.0.2,8593,10.1.0.1,4093,3,0.0-77.8,7363230,756735
20191008114627,10.1.0.1,4093,10.1.0.2,8593,3,0.0-77.8,7363230,756802,0.082,0,5009,0.000,0
20191008114627,10.1.0.2,8617,10.1.0.1,4117,3,0.0-68.0,45584700,5365756
20191008114627,10.1.0.1,4117,10.1.0.2,8617,3,0.0-68.0,45584700,5366651,0.069,0,31010,0.000,4
20191008114628,10.1.0.2,8719,10.1.0.1,4219,3,0.0-20.1,1584660,631806
20191008114628,10.1.0.1,4219,10.1.0.2,8719,3,0.0-20.0,1584660,633195,0.066,0,1078,0.000,0
20191008114628,10.1.0.2,8727,10.1.0.1,4227,3,0.0-15.2,652680,343038
20191008114628,10.1.0.1,4227,10.1.0.2,8727,3,0.0-15.2,652680,343842,0.849,0,444,0.000,0
20191008114629,10.1.0.2,8746,10.1.0.1,4246,3,0.0-6.3,127890,162813
20191008114629,10.1.0.1,4246,10.1.0.2,8746,3,0.0-6.3,127890,162912,62.582,0,87,0.000,0
20191008114630,10.1.0.2,8598,10.1.0.1,4098,3,0.0-79.5,7051590,709631
20191008114630,10.1.0.1,4098,10.1.0.2,8598,3,0.0-79.4,7051590,710048,0.113,0,4797,0.000,1
20191008114630,10.1.0.2,8655,10.1.0.1,4155,3,0.0-50.7,33351360,5266427
20191008114630,10.1.0.1,4155,10.1.0.2,8655,3,0.0-50.6,33351360,5268008,0.056,0,22688,0.000,6
20191008114631,10.1.0.2,8666,10.1.0.1,4166,3,0.0-46.2,20150760,3489784
20191008114631,10.1.0.1,4166,10.1.0.2,8666,3,0.0-46.2,20150760,3491140,0.084,0,13708,0.000,5
20191008114631,10.1.0.2,8652,10.1.0.1,4152,3,0.0-53.5,13560750,2027516
20191008114631,10.1.0.2,8612,10.1.0.1,4112,3,0.0-73.5,14372190,1564671
20191008114631,10.1.0.1,4112,10.1.0.2,8612,3,0.0-73.5,14372190,1564864,0.131,0,9777,0.000,0
20191008114632,10.1.0.2,8697,10.1.0.1,4197,3,0.0-33.4,11564490,2770940
20191008114632,10.1.0.1,4197,10.1.0.2,8697,3,0.0-33.4,11564490,2771948,0.060,0,7867,0.000,2
20191008114633,10.1.0.2,8643,10.1.0.1,4143,3,0.0-59.7,5024460,672766
20191008114633,10.1.0.1,4143,10.1.0.2,8643,3,0.0-59.7,5024460,673372,0.073,0,3418,0.000,0
20191008114634,10.1.0.2,8707,10.1.0.1,4207,3,0.0-30.2,30259950,8017893
20191008114634,10.1.0.1,4207,10.1.0.2,8707,3,0.0-30.2,30259950,8026255,0.069,0,20585,0.000,21
20191008114634,10.1.0.2,8682,10.1.0.1,4182,3,0.0-43.3,1030470,190463
20191008114634,10.1.0.1,4182,10.1.0.2,8682,3,0.0-43.3,1030470,190515,1.101,0,701,0.000,0
20191008114634,10.1.0.2,8757,10.1.0.1,4257,3,0.0-7.4,2925300,3177442
20191008114634,10.1.0.1,4257,10.1.0.2,8757,3,0.0-7.3,2925300,3186331,0.083,0,1990,0.000,4
20191008114635,10.1.0.2,8626,10.1.0.1,4126,3,0.0-70.9,21954450,2477054
20191008114635,10.1.0.1,4126,10.1.0.2,8626,3,0.0-70.9,21954450,2477277,0.095,0,14935,0.000,0
20191008114635,10.1.0.2,8605,10.1.0.1,4105,3,0.0-80.5,834960,82943
20191008114635,10.1.0.1,4105,10.1.0.2,8605,3,0.0-80.5,834960,82973,0.112,0,568,0.000,0
20191008114637,10.1.0.2,8622,10.1.0.1,4122,3,0.0-74.7,1664040,178175
20191008114637,10.1.0.1,4122,10.1.0.2,8622,3,0.0-74.7,1664040,178222,0.094,0,1132,0.000,0
20191008114638,10.1.0.2,8720,10.1.0.1,4220,3,0.0-29.6,3304560,893950
20191008114638,10.1.0.1,4220,10.1.0.2,8720,3,0.0-29.5,3304560,895507,62.557,0,2248,0.000,3
20191008114638,10.1.0.2,8637,10.1.0.1,4137,3,0.0-66.9,25420710,3038206
20191008114638,10.1.0.1,4137,10.1.0.2,8637,3,0.0-66.9,25420710,3039639,0.063,0,17293,0.000,7
20191008114638,10.1.0.2,8695,10.1.0.1,4195,3,0.0-40.4,7939470,1572861
20191008114638,10.1.0.1,4195,10.1.0.2,8695,3,0.0-40.4,7939470,1573311,0.056,0,5401,0.000,0
20191008114638,10.1.0.2,8635,10.1.0.1,4135,3,0.0-68.8,20597640,2396158
20191008114638,10.1.0.1,4135,10.1.0.2,8635,3,0.0-68.8,20597640,2396356,0.079,0,14012,0.000,0
20191008114638,10.1.0.2,8667,10.1.0.1,4167,3,0.0-53.4,8523060,1276925
20191008114638,10.1.0.1,4167,10.1.0.2,8667,3,0.0-53.4,8521590,1277168,0.052,1,5798,0.017,0
20191008114639,10.1.0.2,8587,10.1.0.1,4087,3,0.0-94.2,28273980,2402302
20191008114639,10.1.0.1,4087,10.1.0.2,8587,3,0.0-94.1,28273980,2403600,0.070,0,19234,0.000,9
20191008114639,10.1.0.2,8691,10.1.0.1,4191,3,0.0-43.2,13860630,2568187
20191008114639,10.1.0.1,4191,10.1.0.2,8691,3,0.0-43.2,13860630,2568445,0.064,0,9429,0.000,0
20191008114639,10.1.0.2,8599,10.1.0.1,4099,3,0.0-88.5,45990420,4159486
20191008114639,10.1.0.1,4099,10.1.0.2,8599,3,0.0-88.4,45990420,4160017,0.089,0,31286,0.000,3
20191008114639,10.1.0.2,8624,10.1.0.1,4124,3,0.0-76.7,5960850,621567
20191008114640,10.1.0.1,4124,10.1.0.2,8624,3,0.0-76.7,5960850,621765,0.113,0,4055,0.000,0
20191008114640,10.1.0.2,8629,10.1.0.1,4129,3,0.0-74.7,7088340,758783
20191008114640,10.1.0.1,4129,10.1.0.2,8629,3,0.0-74.7,7085400,758790,0.066,2,4822,0.041,0
20191008114640,10.1.0.2,8595,10.1.0.1,4095,3,0.0-90.3,62377980,5525499
20191008114640,10.1.0.1,4095,10.1.0.2,8595,3,0.0-90.3,62377980,5528490,1.034,0,42434,0.000,22
20191008114641,10.1.0.2,8722,10.1.0.1,4222,3,0.0-30.7,17287200,4508657
20191008114641,10.1.0.1,4222,10.1.0.2,8722,3,0.0-30.7,17287200,4510266,0.098,0,11760,0.000,3
20191008114641,10.1.0.2,8623,10.1.0.1,4123,3,0.0-78.5,2703330,275455
20191008114641,10.1.0.2,8644,10.1.0.1,4144,3,0.0-65.6,11229330,1369087
20191008114641,10.1.0.1,4123,10.1.0.2,8623,3,0.0-78.5,2703330,275516,0.513,0,1839,0.000,0
20191008114643,10.1.0.2,8590,10.1.0.1,4090,3,0.0-95.5,45671430,3825660
20191008114643,10.1.0.1,4090,10.1.0.2,8590,3,0.0-95.5,45671430,3826999,0.093,0,31069,0.000,10
20191008114643,10.1.0.2,8650,10.1.0.1,4150,3,0.0-65.5,7352940,898046
20191008114643,10.1.0.2,8663,10.1.0.1,4163,3,0.0-58.5,4373250,598015
20191008114643,10.1.0.1,4150,10.1.0.2,8650,3,0.0-65.5,7352940,898160,0.114,0,5002,0.000,0
20191008114643,10.1.0.1,4163,10.1.0.2,8663,3,0.0-58.5,4373250,598560,0.173,0,2975,0.000,0
20191008114643,10.1.0.2,8741,10.1.0.1,4241,3,0.0-22.7,2078580,733181
20191008114643,10.1.0.1,4241,10.1.0.2,8741,3,0.0-22.6,2078580,734670,0.089,0,1414,0.000,1
20191008114644,10.1.0.2,8649,10.1.0.1,4149,3,0.0-66.7,11346930,1361919
20191008114644,10.1.0.2,8676,10.1.0.1,4176,3,0.0-55.9,12884550,1843198
20191008114644,10.1.0.1,4149,10.1.0.2,8649,3,0.0-66.6,11345460,1362019,0.068,1,7719,0.013,0
20191008114644,10.1.0.2,8694,10.1.0.1,4194,3,0.0-46.5,5813850,999422
20191008114644,10.1.0.1,4194,10.1.0.2,8694,3,0.0-46.5,5813850,1000051,0.083,0,3955,0.000,0
20191008114645,10.1.0.2,8721,10.1.0.1,4221,3,0.0-36.7,3236940,706558
20191008114645,10.1.0.1,4221,10.1.0.2,8721,3,0.0-36.6,3236940,707270,0.202,0,2202,0.000,0
20191008114645,10.1.0.2,8591,10.1.0.1,4091,3,0.0-96.6,21572250,1786879
20191008114645,10.1.0.1,4091,10.1.0.2,8591,3,0.0-96.5,21572250,1787569,0.039,0,14675,0.000,4
20191008114646,10.1.0.2,8618,10.1.0.1,4118,3,0.0-85.1,5108250,480255
20191008114646,10.1.0.1,4118,10.1.0.2,8618,3,0.0-85.1,5108250,480482,0.095,0,3475,0.000,0
20191008114646,10.1.0.2,8724,10.1.0.1,4224,3,0.0-34.6,14038500,3247100
20191008114646,10.1.0.1,4224,10.1.0.2,8724,3,0.0-34.5,14038500,3250697,0.082,0,9550,0.000,10
20191008114646,10.1.0.2,8782,10.1.0.1,4282,3,0.0-5.6,2540160,3625916
20191008114647,10.1.0.2,8739,10.1.0.1,4239,3,0.0-26.7,6012300,1804284
20191008114647,10.1.0.1,4239,10.1.0.2,8739,3,0.0-26.6,6012300,1806908,0.091,0,4090,0.000,5
20191008114647,10.1.0.2,8669,10.1.0.1,4169,3,0.0-61.8,32808930,4245501
20191008114647,10.1.0.1,4169,10.1.0.2,8669,3,0.0-61.8,32808930,4247941,0.055,0,22319,0.000,12
20191008114648,10.1.0.2,8662,10.1.0.1,4162,3,0.0-63.5,41748000,5259260
20191008114648,10.1.0.2,8614,10.1.0.1,4114,3,0.0-89.3,15871590,1422334
20191008114649,10.1.0.2,8748,10.1.0.1,4248,3,0.0-26.0,15989190,4928503
20191008114649,10.1.0.2,8685,10.1.0.1,4185,3,0.0-54.5,2941470,432127
20191008114649,10.1.0.1,4185,10.1.0.2,8685,3,0.0-54.4,2941470,432504,0.082,0,2001,0.000,0
20191008114650,10.1.0.2,8772,10.1.0.1,4272,3,0.0-14.1,421890,239614
20191008114650,10.1.0.1,4272,10.1.0.2,8772,3,0.0-14.0,421890,240371,0.085,0,287,0.000,0
20191008114651,10.1.0.2,8708,10.1.0.1,4208,3,0.0-47.6,4753980,798719
20191008114651,10.1.0.1,4208,10.1.0.2,8708,3,0.0-47.6,4753980,799331,0.133,0,3234,0.000,2
20191008114652,10.1.0.2,8606,10.1.0.1,4106,3,0.0-97.7,19090890,1563646
20191008114652,10.1.0.1,4106,10.1.0.2,8606,3,0.0-97.7,19090890,1563715,0.110,0,12987,0.000,0
20191008114652,10.1.0.2,8620,10.1.0.1,4120,3,0.0-91.2,53753490,4714491
20191008114652,10.1.0.1,4120,10.1.0.2,8620,3,0.0-91.2,53753490,4716532,0.140,0,36567,0.000,15
20191008114653,10.1.0.2,8776,10.1.0.1,4276,3,0.0-13.4,1409730,843773
20191008114653,10.1.0.1,4276,10.1.0.2,8776,3,0.0-13.4,1409730,844246,0.124,0,959,0.000,0
20191008114654,10.1.0.2,8785,10.1.0.1,4285,3,0.0-10.3,1500870,1164278
20191008114654,10.1.0.1,4285,10.1.0.2,8785,3,0.0-10.3,1500870,1167359,0.078,0,1021,0.000,1
20191008114655,10.1.0.2,8677,10.1.0.1,4177,3,0.0-67.0,98490,11759
20191008114655,10.1.0.1,4177,10.1.0.2,8677,3,0.0-67.0,98490,11766,62.586,0,67,0.000,0
20191008114655,10.1.0.2,8651,10.1.0.1,4151,3,0.0-77.4,34653780,3581948
20191008114655,10.1.0.1,4151,10.1.0.2,8651,3,0.0-77.4,34653780,3582873,0.055,0,23574,0.000,5
20191008114656,10.1.0.2,8660,10.1.0.1,4160,3,0.0-72.7,6519450,717823
20191008114656,10.1.0.1,4160,10.1.0.2,8660,3,0.0-72.6,6519450,718240,0.112,0,4435,0.000,0
20191008114656,10.1.0.2,8610,10.1.0.1,4110,3,0.0-99.6,3849930,309247
20191008114656,10.1.0.2,8640,10.1.0.1,4140,3,0.0-84.7,15959790,1507326
20191008114657,10.1.0.2,8645,10.1.0.1,4145,3,0.0-81.6,52652460,5159932
20191008114657,10.1.0.1,4145,10.1.0.2,8645,3,0.0-81.6,52652460,5162700,0.066,0,35818,0.000,19
20191008114659,10.1.0.2,8704,10.1.0.1,4204,3,0.0-57.1,3513300,492543
20191008114659,10.1.0.1,4204,10.1.0.2,8704,3,0.0-57.0,3513300,492767,0.480,0,2390,0.000,0
20191008114659,10.1.0.2,8678,10.1.0.1,4178,3,0.0-70.6,3244290,367615
20191008114700,10.1.0.2,8696,10.1.0.1,4196,3,0.0-61.5,4949490,644095
20191008114700,10.1.0.1,4196,10.1.0.2,8696,3,0.0-61.5,4949490,644282,0.104,0,3367,0.000,0
20191008114700,10.1.0.2,8780,10.1.0.1,4280,3,0.0-20.0,2050650,821244
20191008114700,10.1.0.1,4280,10.1.0.2,8780,3,0.0-19.9,2050650,822976,0.915,0,1395,0.000,2
20191008114701,10.1.0.2,8735,10.1.0.1,4235,3,0.0-43.5,66527790,12231658
20191008114701,10.1.0.1,4235,10.1.0.2,8735,3,0.0-43.5,66527790,12234213,0.064,0,45257,0.000,9
20191008114702,10.1.0.2,8686,10.1.0.1,4186,3,0.0-67.2,25773510,3068925
20191008114702,10.1.0.1,4186,10.1.0.2,8686,3,0.0-67.2,25773510,3069985,0.115,0,17533,0.000,5
20191008114702,10.1.0.2,8753,10.1.0.1,4253,3,0.0-37.3,95550,20479
20191008114702,10.1.0.1,4253,10.1.0.2,8753,3,0.0-37.3,95550,20507,62.633,0,65,0.000,0
20191008114703,10.1.0.2,8659,10.1.0.1,4159,3,0.0-80.0,46904760,4691965
20191008114703,10.1.0.1,4159,10.1.0.2,8659,3,0.0-79.9,46904760,4694066,0.064,0,31908,0.000,13
20191008114706,10.1.0.2,8736,10.1.0.1,4236,3,0.0-46.5,3579450,615423
20191008114706,10.1.0.1,4236,10.1.0.2,8736,3,0.0-46.5,3579450,615691,0.102,0,2435,0.000,0
20191008114706,10.1.0.2,8664,10.1.0.1,4164,3,0.0-81.4,6953100,683007
20191008114706,10.1.0.1,4164,10.1.0.2,8664,3,0.0-81.4,6953100,683041,0.104,0,4730,0.000,0
20191008114706,10.1.0.2,8705,10.1.0.1,4205,3,0.0-64.7,15856890,1961981
20191008114706,10.1.0.1,4205,10.1.0.2,8705,3,0.0-64.6,15856890,1962454,0.053,0,10787,0.000,1
20191008114707,10.1.0.2,8671,10.1.0.1,4171,3,0.0-81.9,32282670,3153918
20191008114707,10.1.0.1,4171,10.1.0.2,8671,3,0.0-81.9,32282670,3154376,0.059,0,21961,0.000,1
20191008114708,10.1.0.2,8683,10.1.0.1,4183,3,0.0-77.0,113190,11759
20191008114708,10.1.0.1,4183,10.1.0.2,8683,3,0.0-77.0,113190,11764,62.671,0,77,0.000,0
20191008114708,10.1.0.2,8764,10.1.0.1,4264,3,0.0-37.3,1543500,330751
20191008114708,10.1.0.1,4264,10.1.0.2,8764,3,0.0-37.3,1543500,330937,0.106,0,1050,0.000,0
20191008114709,10.1.0.2,8822,10.1.0.1,4322,3,0.0-7.8,1981560,2043893
20191008114709,10.1.0.1,4322,10.1.0.2,8822,3,0.0-7.7,1981560,2045841,0.103,0,1348,0.000,0
20191008114709,10.1.0.2,8758,10.1.0.1,4258,3,0.0-41.8,9011100,1725438
20191008114709,10.1.0.2,8808,10.1.0.1,4308,3,0.0-11.6,3704400,2555894
20191008114711,10.1.0.2,8730,10.1.0.1,4230,3,0.0-54.0,15902460,2355196
20191008114711,10.1.0.2,8658,10.1.0.1,4158,3,0.0-89.0,44576280,4004862
20191008114711,10.1.0.1,4158,10.1.0.2,8658,3,0.0-89.0,44576280,4005736,0.097,0,30324,0.000,6
20191008114711,10.1.0.2,8781,10.1.0.1,4281,3,0.0-30.7,4824540,1257470
20191008114711,10.1.0.1,4281,10.1.0.2,8781,3,0.0-30.7,4824540,1259119,0.064,0,3282,0.000,1
20191008114712,10.1.0.2,8672,10.1.0.1,4172,3,0.0-86.8,51410310,4737019
20191008114712,10.1.0.2,8789,10.1.0.1,4289,3,0.0-26.1,1040760,319487
20191008114712,10.1.0.1,4289,10.1.0.2,8789,3,0.0-26.0,1040760,319775,0.124,0,708,0.000,0
20191008114713,10.1.0.2,8675,10.1.0.1,4175,3,0.0-85.2,5171460,485375
20191008114713,10.1.0.1,4175,10.1.0.2,8675,3,0.0-85.2,5171460,485565,1.006,0,3518,0.000,0
20191008114713,10.1.0.2,8743,10.1.0.1,4243,3,0.0-52.7,11292540,1714174
20191008114713,10.1.0.1,4243,10.1.0.2,8743,3,0.0-52.7,11292540,1715577,0.091,0,7682,0.000,4
20191008114714,10.1.0.2,8715,10.1.0.1,4215,3,0.0-66.7,477750,57343
20191008114714,10.1.0.1,4215,10.1.0.2,8715,3,0.0-66.6,477750,57352,0.057,0,325,0.000,0
20191008114714,10.1.0.2,8646,10.1.0.1,4146,3,0.0-98.3,30158520,2454525
20191008114714,10.1.0.1,4146,10.1.0.2,8646,3,0.0-98.3,30158520,2455638,0.110,0,20516,0.000,9
20191008114715,10.1.0.2,8745,10.1.0.1,4245,3,0.0-52.8,7280910,1103869
20191008114715,10.1.0.2,8797,10.1.0.1,4297,3,0.0-21.7,2548980,940029
20191008114715,10.1.0.1,4245,10.1.0.2,8745,3,0.0-52.8,7280910,1104045,1.417,0,4953,0.000,0
20191008114715,10.1.0.1,4297,10.1.0.2,8797,3,0.0-21.6,2548980,942244,0.681,0,1734,0.000,0
20191008114715,10.1.0.2,8687,10.1.0.1,4187,3,0.0-79.9,7957110,796671
20191008114715,10.1.0.2,8751,10.1.0.1,4251,3,0.0-50.9,37196880,5847035
20191008114715,10.1.0.1,4251,10.1.0.2,8751,3,0.0-50.9,37196880,5849598,0.070,0,25304,0.000,10
20191008114715,10.1.0.1,4187,10.1.0.2,8687,3,0.0-79.9,7957110,796787,0.688,0,5413,0.000,0
20191008114716,10.1.0.2,8819,10.1.0.1,4319,3,0.0-15.6,2349060,1201149
20191008114716,10.1.0.1,4319,10.1.0.2,8819,3,0.0-15.6,2349060,1201795,0.091,0,1598,0.000,0
20191008114716,10.1.0.2,8826,10.1.0.1,4326,3,0.0-13.7,648270,378877
20191008114716,10.1.0.1,4326,10.1.0.2,8826,3,0.0-13.7,648270,379846,0.131,0,441,0.000,0
20191008114717,10.1.0.2,8839,10.1.0.1,4339,3,0.0-6.1,1965390,2562028
20191008114717,10.1.0.1,4339,10.1.0.2,8839,3,0.0-6.1,1965390,2572087,0.602,0,1337,0.000,4
20191008114717,10.1.0.2,8794,10.1.0.1,4294,3,0.0-25.9,8396640,2596858
20191008114717,10.1.0.1,4294,10.1.0.2,8794,3,0.0-25.9,8396640,2598432,0.075,0,5712,0.000,2
20191008114717,10.1.0.2,8756,10.1.0.1,4256,3,0.0-50.8,15257130,2403324
20191008114718,10.1.0.2,8700,10.1.0.1,4200,3,0.0-79.0,12796350,1296382
20191008114718,10.1.0.1,4200,10.1.0.2,8700,3,0.0-78.9,12796350,1296974,0.108,0,8705,0.000,0
20191008114718,10.1.0.2,8818,10.1.0.1,4318,3,0.0-18.4,8162910,3544056
20191008114718,10.1.0.1,4318,10.1.0.2,8818,3,0.0-18.4,8162910,3544765,0.095,0,5553,0.000,0
20191008114719,10.1.0.2,8752,10.1.0.1,4252,3,0.0-54.8,27719790,4044793
20191008114720,10.1.0.2,8714,10.1.0.1,4214,3,0.0-73.1,10876530,1189886
20191008114720,10.1.0.1,4214,10.1.0.2,8714,3,0.0-73.1,10876530,1190564,0.091,0,7399,0.000,1
20191008114721,10.1.0.2,8834,10.1.0.1,4334,3,0.0-14.1,1470000,836605
20191008114721,10.1.0.1,4334,10.1.0.2,8834,3,0.0-14.0,1470000,837306,0.100,0,1000,0.000,0
20191008114721,10.1.0.2,8737,10.1.0.1,4237,3,0.0-61.0,18172140,2381822
20191008114721,10.1.0.2,8836,10.1.0.1,4336,3,0.0-13.9,12600840,7256034
20191008114721,10.1.0.1,4237,10.1.0.2,8737,3,0.0-61.0,18172140,2383070,0.579,0,12362,0.000,5
20191008114721,10.1.0.1,4336,10.1.0.2,8836,3,0.0-13.9,12600840,7257914,0.140,0,8572,0.000,2
20191008114721,10.1.0.2,8771,10.1.0.1,4271,3,0.0-46.4,4555530,785407
20191008114721,10.1.0.1,4271,10.1.0.2,8771,3,0.0-46.4,4555530,785587,0.258,0,3099,0.000,0
20191008114722,10.1.0.2,8742,10.1.0.1,4242,3,0.0-61.0,21245910,2784253
20191008114722,10.1.0.1,4242,10.1.0.2,8742,3,0.0-61.0,21245910,2784701,0.097,0,14453,0.000,1
20191008114722,10.1.0.2,8784,10.1.0.1,4284,3,0.0-39.5,2672460,540671
20191008114722,10.1.0.1,4284,10.1.0.2,8784,3,0.0-39.5,2672460,541048,0.126,0,1818,0.000,0
20191008114722,10.1.0.2,8778,10.1.0.1,4278,3,0.0-41.9,26091030,4978678
20191008114722,10.1.0.1,4278,10.1.0.2,8778,3,0.0-41.9,26091030,4983906,0.100,0,17749,0.000,18
20191008114722,10.1.0.2,8768,10.1.0.1,4268,3,0.0-50.1,19439280,3103738
20191008114723,10.1.0.1,4268,10.1.0.2,8768,3,0.0-50.1,19439280,3105324,0.093,0,13224,0.000,6
20191008114724,10.1.0.2,8693,10.1.0.1,4193,3,0.0-87.2,21420840,1966077
20191008114724,10.1.0.1,4193,10.1.0.2,8693,3,0.0-87.1,21420840,1966460,0.059,0,14572,0.000,2
20191008114725,10.1.0.2,8706,10.1.0.1,4206,3,0.0-82.6,10958850,1061886
20191008114725,10.1.0.1,4206,10.1.0.2,8706,3,0.0-82.5,10958850,1062396,0.221,0,7455,0.000,1
20191008114725,10.1.0.2,8703,10.1.0.1,4203,3,0.0-83.9,4486440,428031
20191008114725,10.1.0.1,4203,10.1.0.2,8703,3,0.0-83.8,4486440,428165,0.189,0,3052,0.000,0
20191008114726,10.1.0.2,8755,10.1.0.1,4255,3,0.0-59.7,34875750,4675579
20191008114726,10.1.0.1,4255,10.1.0.2,8755,3,0.0-59.7,34875750,4677053,0.068,0,23725,0.000,7
20191008114726,10.1.0.2,8728,10.1.0.1,4228,3,0.0-72.9,4823070,529407
20191008114726,10.1.0.1,4228,10.1.0.2,8728,3,0.0-72.8,4823070,529789,0.109,0,3281,0.000,0
20191008114727,10.1.0.2,8688,10.1.0.1,4188,3,0.0-92.0,135240,11759
20191008114727,10.1.0.1,4188,10.1.0.2,8688,3,0.0-92.0,135240,11760,62.607,0,92,0.000,0
20191008114727,10.1.0.2,8801,10.1.0.1,4301,3,0.0-33.3,5369910,1291261
20191008114727,10.1.0.1,4301,10.1.0.2,8801,3,0.0-33.3,5369910,1291614,0.143,0,3653,0.000,0
20191008114728,10.1.0.2,8824,10.1.0.1,4324,3,0.0-25.5,7100100,2231289
20191008114728,10.1.0.1,4324,10.1.0.2,8824,3,0.0-25.4,7100100,2234649,0.103,0,4830,0.000,6
20191008114730,10.1.0.2,8823,10.1.0.1,4323,3,0.0-27.9,646800,185343
20191008114730,10.1.0.1,4323,10.1.0.2,8823,3,0.0-27.9,646800,185625,0.074,0,440,0.000,0
20191008114730,10.1.0.2,8718,10.1.0.1,4218,3,0.0-82.4,5757990,559103
20191008114730,10.1.0.1,4218,10.1.0.2,8718,3,0.0-82.4,5757990,559138,0.155,0,3917,0.000,0
20191008114731,10.1.0.2,8833,10.1.0.1,4333,3,0.0-25.0,1101030,352254
20191008114731,10.1.0.1,4333,10.1.0.2,8833,3,0.0-25.0,1101030,352511,0.074,0,749,0.000,0
20191008114731,10.1.0.2,8841,10.1.0.1,4341,3,0.0-19.9,3156090,1268733
20191008114731,10.1.0.1,4341,10.1.0.2,8841,3,0.0-19.9,3156090,1271526,0.324,0,2147,0.000,3
20191008114731,10.1.0.2,8717,10.1.0.1,4217,3,0.0-83.8,2444610,233471
20191008114731,10.1.0.1,4217,10.1.0.2,8717,3,0.0-83.7,2444610,233560,0.561,0,1663,0.000,0
20191008114731,10.1.0.2,8726,10.1.0.1,4226,3,0.0-79.1,41811210,4231161
20191008114731,10.1.0.1,4226,10.1.0.2,8726,3,0.0-79.0,41811210,4232065,0.092,0,28443,0.000,5
20191008114732,10.1.0.2,8832,10.1.0.1,4332,3,0.0-26.8,3361890,1004540
20191008114732,10.1.0.2,8806,10.1.0.1,4306,3,0.0-35.8,8496600,1896445
20191008114732,10.1.0.1,4332,10.1.0.2,8832,3,0.0-26.7,3361890,1006321,0.159,0,2287,0.000,0
20191008114732,10.1.0.2,8845,10.1.0.1,4345,3,0.0-19.6,5929980,2414582
20191008114732,10.1.0.1,4345,10.1.0.2,8845,3,0.0-19.6,5929980,2416873,0.086,0,4034,0.000,3
20191008114732,10.1.0.2,8847,10.1.0.1,4347,3,0.0-17.9,2959110,1323002
20191008114732,10.1.0.1,4347,10.1.0.2,8847,3,0.0-17.9,2959110,1324852,0.061,0,2013,0.000,2
20191008114733,10.1.0.2,8725,10.1.0.1,4225,3,0.0-80.5,2319660,230399
20191008114733,10.1.0.1,4225,10.1.0.2,8725,3,0.0-80.5,2319660,230469,62.695,0,1578,0.000,0
20191008114733,10.1.0.2,8749,10.1.0.1,4249,3,0.0-70.4,8093820,919551
20191008114733,10.1.0.1,4249,10.1.0.2,8749,3,0.0-70.4,8093820,919647,0.113,0,5506,0.000,0
20191008114733,10.1.0.2,8769,10.1.0.1,4269,3,0.0-59.6,49359660,6626295
20191008114733,10.1.0.1,4269,10.1.0.2,8769,3,0.0-59.6,49359660,6627218,0.074,0,33578,0.000,4
20191008114733,10.1.0.2,8853,10.1.0.1,4353,3,0.0-16.1,411600,204799
20191008114733,10.1.0.1,4353,10.1.0.2,8853,3,0.0-16.1,411600,204912,0.082,0,280,0.000,0
20191008114734,10.1.0.2,8744,10.1.0.1,4244,3,0.0-72.8,10878000,1195007
20191008114734,10.1.0.2,8762,10.1.0.1,4262,3,0.0-63.6,9838710,1236990
20191008114734,10.1.0.1,4244,10.1.0.2,8744,3,0.0-72.8,10878000,1195798,0.091,0,7400,0.000,4
20191008114734,10.1.0.1,4262,10.1.0.2,8762,3,0.0-63.6,9838710,1237691,0.091,0,6693,0.000,2
20191008114735,10.1.0.2,8740,10.1.0.1,4240,3,0.0-74.4,19849410,2132988
20191008114735,10.1.0.1,4240,10.1.0.2,8740,3,0.0-74.4,19849410,2133863,0.072,0,13503,0.000,4
20191008114735,10.1.0.2,8798,10.1.0.1,4298,3,0.0-41.8,2119740,405503
20191008114735,10.1.0.2,8770,10.1.0.1,4270,3,0.0-61.0,3889620,509951
20191008114735,10.1.0.2,8761,10.1.0.1,4261,3,0.0-67.4,44560110,5287932
20191008114735,10.1.0.1,4261,10.1.0.2,8761,3,0.0-67.4,44560110,5290959,0.081,0,30313,0.000,16
20191008114737,10.1.0.2,8738,10.1.0.1,4238,3,0.0-76.8,40639620,4235259
20191008114737,10.1.0.1,4238,10.1.0.2,8738,3,0.0-76.7,40639620,4237062,0.109,0,27646,0.000,11
20191008114737,10.1.0.2,8821,10.1.0.1,4321,3,0.0-35.6,2490180,560126
20191008114737,10.1.0.1,4321,10.1.0.2,8821,3,0.0-35.5,2490180,560696,0.067,0,1694,0.000,0
20191008114737,10.1.0.2,8792,10.1.0.1,4292,3,0.0-46.8,245490,41983
20191008114737,10.1.0.2,8713,10.1.0.1,4213,3,0.0-90.9,35346150,3109885
20191008114737,10.1.0.1,4292,10.1.0.2,8792,3,0.0-46.5,244020,41984,0.166,1,167,0.599,0
20191008114737,10.1.0.1,4213,10.1.0.2,8713,3,0.0-90.9,35346150,3110062,0.057,0,24045,0.000,0
20191008114738,10.1.0.2,8828,10.1.0.1,4328,3,0.0-34.7,470400,108543
20191008114738,10.1.0.1,4328,10.1.0.2,8828,3,0.0-34.6,470400,108677,62.752,0,320,0.000,0
20191008114738,10.1.0.2,8716,10.1.0.1,4216,3,0.0-90.7,220500,19455
20191008114738,10.1.0.1,4216,10.1.0.2,8716,3,0.0-90.6,220500,19464,62.831,0,150,0.000,0
20191008114738,10.1.0.2,8790,10.1.0.1,4290,3,0.0-50.4,3666180,581631
20191008114739,10.1.0.2,8842,10.1.0.1,4342,3,0.0-27.9,6375390,1830906
20191008114739,10.1.0.1,4342,10.1.0.2,8842,3,0.0-27.8,6375390,1834111,0.243,0,4337,0.000,7
20191008114739,10.1.0.2,8815,10.1.0.1,4315,3,0.0-40.0,11820270,2362363
20191008114739,10.1.0.1,4315,10.1.0.2,8815,3,0.0-40.0,11820270,2364556,0.076,0,8041,0.000,6
20191008114740,10.1.0.2,8793,10.1.0.1,4293,3,0.0-49.8,12371520,1986558
20191008114740,10.1.0.2,8827,10.1.0.1,4327,3,0.0-37.7,10407600,2209790
20191008114740,10.1.0.2,8810,10.1.0.1,4310,3,0.0-42.6,5694780,1070078
20191008114741,10.1.0.2,8723,10.1.0.1,4223,3,0.0-90.2,10298820,913407
20191008114741,10.1.0.1,4293,10.1.0.2,8793,3,0.0-49.8,12371520,1987200,0.060,0,8416,0.000,2
20191008114741,10.1.0.1,4223,10.1.0.2,8723,3,0.0-90.2,10298820,913891,0.089,0,7006,0.000,2
20191008114741,10.1.0.1,4327,10.1.0.2,8827,3,0.0-37.6,10407600,2212284,0.090,0,7080,0.000,7
20191008114741,10.1.0.2,8882,10.1.0.1,4382,3,0.0-7.9,4304160,4372454
20191008114741,10.1.0.1,4382,10.1.0.2,8882,3,0.0-7.8,4304160,4388363,0.073,0,2928,0.000,11
20191008114741,10.1.0.2,8883,10.1.0.1,4383,3,0.0-8.0,11760,11759
20191008114741,10.1.0.1,4383,10.1.0.2,8883,3,0.0-7.0,10290,11761,62.517,1,8,12.500,0
20191008114742,10.1.0.2,8791,10.1.0.1,4291,3,0.0-51.6,16106790,2495484
20191008114742,10.1.0.1,4291,10.1.0.2,8791,3,0.0-51.6,16106790,2496969,0.071,0,10957,0.000,5
20191008114743,10.1.0.2,8709,10.1.0.1,4209,3,0.0-99.1,27675690,2233342
20191008114743,10.1.0.1,4209,10.1.0.2,8709,3,0.0-99.1,27675690,2233853,0.079,0,18827,0.000,3
20191008114743,10.1.0.2,8754,10.1.0.1,4254,3,0.0-78.2,34215720,3501054
20191008114743,10.1.0.1,4254,10.1.0.2,8754,3,0.0-78.2,34215720,3501376,0.105,0,23276,0.000,1
20191008114744,10.1.0.2,8865,10.1.0.1,4365,3,0.0-17.3,3069360,1421306
20191008114744,10.1.0.1,4365,10.1.0.2,8865,3,0.0-17.3,3069360,1421773,0.063,0,2088,0.000,0
20191008114744,10.1.0.2,8765,10.1.0.1,4265,3,0.0-73.1,11927580,1304574
20191008114744,10.1.0.1,4265,10.1.0.2,8765,3,0.0-73.1,11927580,1304731,0.085,0,8114,0.000,0
20191008114745,10.1.0.2,8747,10.1.0.1,4247,3,0.0-82.3,16581600,1611774
20191008114745,10.1.0.1,4247,10.1.0.2,8747,3,0.0-82.3,16581600,1612326,1.113,0,11280,0.000,3
20191008114745,10.1.0.2,8850,10.1.0.1,4350,3,0.0-29.5,4593750,1245180
20191008114745,10.1.0.1,4350,10.1.0.2,8850,3,0.0-29.5,4593750,1246033,0.200,0,3125,0.000,1
20191008114746,10.1.0.2,8846,10.1.0.1,4346,3,0.0-32.2,9612330,2390010
20191008114746,10.1.0.1,4346,10.1.0.2,8846,3,0.0-32.2,9612330,2390524,0.107,0,6539,0.000,0
20191008114747,10.1.0.2,8750,10.1.0.1,4250,3,0.0-83.1,2466660,237567
20191008114747,10.1.0.2,8831,10.1.0.1,4331,3,0.0-42.2,1955100,370687
20191008114747,10.1.0.1,4331,10.1.0.2,8831,3,0.0-42.2,1955100,371021,0.108,0,1330,0.000,0
20191008114747,10.1.0.2,8803,10.1.0.1,4303,3,0.0-53.0,2528400,381951
20191008114747,10.1.0.1,4303,10.1.0.2,8803,3,0.0-52.9,2528400,382078,0.090,0,1720,0.000,0
20191008114747,10.1.0.2,8731,10.1.0.1,4231,3,0.0-90.6,37204230,3284990
20191008114747,10.1.0.1,4231,10.1.0.2,8731,3,0.0-90.6,37204230,3285890,0.093,0,25309,0.000,6
20191008114749,10.1.0.2,8729,10.1.0.1,4229,3,0.0-92.2,94127040,8164347
20191008114749,10.1.0.2,8868,10.1.0.1,4368,3,0.0-21.3,3454500,1297402
20191008114749,10.1.0.1,4229,10.1.0.2,8729,3,0.0-92.2,94127040,8168284,0.089,0,64032,0.000,31
20191008114749,10.1.0.1,4368,10.1.0.2,8868,3,0.0-21.3,3454500,1298720,0.074,0,2350,0.000,0
20191008114749,10.1.0.2,8860,10.1.0.1,4360,3,0.0-28.5,6303360,1770490
20191008114749,10.1.0.1,4360,10.1.0.2,8860,3,0.0-28.5,6303360,1771801,0.124,0,4288,0.000,1
20191008114750,10.1.0.2,8893,10.1.0.1,4393,3,0.0-10.6,391020,295933
20191008114750,10.1.0.1,4393,10.1.0.2,8893,3,0.0-10.6,391020,296068,0.194,0,266,0.000,0
20191008114751,10.1.0.2,8844,10.1.0.1,4344,3,0.0-39.5,2327010,471039
20191008114751,10.1.0.1,4344,10.1.0.2,8844,3,0.0-39.5,2327010,471118,0.089,0,1583,0.000,0
20191008114752,10.1.0.2,8855,10.1.0.1,4355,3,0.0-33.4,2809170,672766
20191008114752,10.1.0.2,8774,10.1.0.1,4274,3,0.0-73.2,46184460,5045242
20191008114752,10.1.0.1,4274,10.1.0.2,8774,3,0.0-73.2,46184460,5046097,0.082,0,31418,0.000,5
20191008114752,10.1.0.2,8817,10.1.0.1,4317,3,0.0-52.1,13634250,2092029
20191008114752,10.1.0.1,4317,10.1.0.2,8817,3,0.0-52.1,13634250,2093885,0.082,0,9275,0.000,7
20191008114752,10.1.0.1,4355,10.1.0.2,8855,3,0.0-33.4,2809170,672916,0.114,0,1911,0.000,0
20191008114752,10.1.0.2,8767,10.1.0.1,4267,3,0.0-80.3,129626070,12907506
20191008114752,10.1.0.1,4267,10.1.0.2,8767,3,0.0-80.3,129626070,12908830,0.080,0,88181,0.000,8
20191008114752,10.1.0.2,8888,10.1.0.1,4388,3,0.0-17.3,4915680,2273273
20191008114753,10.1.0.2,8787,10.1.0.1,4287,3,0.0-68.5,5074440,592895
20191008114753,10.1.0.1,4287,10.1.0.2,8787,3,0.0-68.4,5074440,593134,0.113,0,3452,0.000,0
20191008114754,10.1.0.2,8892,10.1.0.1,4392,3,0.0-15.2,6221040,3281909
20191008114754,10.1.0.2,8814,10.1.0.1,4314,3,0.0-55.3,20412420,2955261
20191008114754,10.1.0.1,4314,10.1.0.2,8814,3,0.0-55.3,20412420,2955549,0.095,0,13886,0.000,0
20191008114754,10.1.0.2,8796,10.1.0.1,4296,3,0.0-61.5,17212230,2240509
20191008114754,10.1.0.1,4296,10.1.0.2,8796,3,0.0-61.4,17212230,2241473,0.102,0,11709,0.000,3
20191008114754,10.1.0.2,8732,10.1.0.1,4232,3,0.0-97.7,11643870,953343
20191008114755,10.1.0.2,8835,10.1.0.1,4335,3,0.0-48.7,11705610,1924093
20191008114755,10.1.0.1,4335,10.1.0.2,8835,3,0.0-48.7,11705610,1924765,0.251,0,7963,0.000,2
20191008114756,10.1.0.2,8779,10.1.0.1,4279,3,0.0-76.2,54923610,5763068
20191008114756,10.1.0.1,4279,10.1.0.2,8779,3,0.0-76.2,54923610,5766999,0.072,0,37363,0.000,25
20191008114757,10.1.0.2,8881,10.1.0.1,4381,3,0.0-23.3,15995070,5495789
20191008114757,10.1.0.1,4381,10.1.0.2,8881,3,0.0-23.3,15995070,5502006,0.066,0,10881,0.000,12
20191008114758,10.1.0.2,8898,10.1.0.1,4398,3,0.0-15.5,992250,513021
20191008114758,10.1.0.1,4398,10.1.0.2,8898,3,0.0-15.5,992250,513413,0.111,0,675,0.000,0
20191008114759,10.1.0.2,8849,10.1.0.1,4349,3,0.0-44.2,6085800,1101821
20191008114759,10.1.0.1,4349,10.1.0.2,8849,3,0.0-44.2,6085800,1101949,0.080,0,4140,0.000,0
20191008114759,10.1.0.2,8902,10.1.0.1,4402,3,0.0-13.1,1161300,711676
20191008114759,10.1.0.1,4402,10.1.0.2,8902,3,0.0-13.0,1161300,712153,0.089,0,790,0.000,0
20191008114759,10.1.0.2,8783,10.1.0.1,4283,3,0.0-77.5,1627290,167935
20191008114759,10.1.0.1,4283,10.1.0.2,8783,3,0.0-77.5,1627290,167995,0.068,0,1107,0.000,0
20191008114801,10.1.0.2,8878,10.1.0.1,4378,3,0.0-28.2,7955640,2254837
20191008114801,10.1.0.1,4378,10.1.0.2,8878,3,0.0-28.2,7955640,2255820,0.099,0,5412,0.000,1
20191008114801,10.1.0.2,8777,10.1.0.1,4277,3,0.0-81.3,5503680,541695
20191008114801,10.1.0.1,4277,10.1.0.2,8777,3,0.0-81.3,5503680,541755,0.430,0,3744,0.000,0
20191008114802,10.1.0.2,8891,10.1.0.1,4391,3,0.0-24.0,529200,176127
20191008114802,10.1.0.1,4391,10.1.0.2,8891,3,0.0-24.0,529200,176220,0.064,0,360,0.000,0
20191008114802,10.1.0.2,8864,10.1.0.1,4364,3,0.0-37.9,2055060,434175
20191008114802,10.1.0.1,4364,10.1.0.2,8864,3,0.0-37.9,2055060,434310,0.222,0,1398,0.000,0
20191008114802,10.1.0.2,8843,10.1.0.1,4343,3,0.0-51.0,7311780,1147902
20191008114802,10.1.0.1,4343,10.1.0.2,8843,3,0.0-50.9,7311780,1148406,0.065,0,4974,0.000,0
20191008114804,10.1.0.2,8766,10.1.0.1,4266,3,0.0-92.4,26870130,2326525
20191008114804,10.1.0.1,4266,10.1.0.2,8766,3,0.0-92.4,26870130,2327094,0.099,0,18279,0.000,3
20191008114804,10.1.0.2,8816,10.1.0.1,4316,3,0.0-64.2,3598560,448511
20191008114804,10.1.0.1,4316,10.1.0.2,8816,3,0.0-64.2,3598560,448762,0.336,0,2448,0.000,0
20191008114805,10.1.0.2,8775,10.1.0.1,4275,3,0.0-85.0,19301100,1815550
20191008114805,10.1.0.1,4275,10.1.0.2,8775,3,0.0-85.0,19301100,1816448,0.076,0,13130,0.000,5
20191008114805,10.1.0.2,8763,10.1.0.1,4263,3,0.0-94.0,649740,55295
20191008114805,10.1.0.1,4263,10.1.0.2,8763,3,0.0-94.0,649740,55313,0.081,0,442,0.000,0
20191008114806,10.1.0.2,8920,10.1.0.1,4420,3,0.0-7.4,366030,395259
20191008114806,10.1.0.1,4420,10.1.0.2,8920,3,0.0-7.4,366030,396027,0.097,0,249,0.000,0
20191008114806,10.1.0.2,8759,10.1.0.1,4259,3,0.0-98.9,21486990,1737726
20191008114806,10.1.0.1,4259,10.1.0.2,8759,3,0.0-98.9,21486990,1737990,0.067,0,14617,0.000,0
20191008114806,10.1.0.2,8859,10.1.0.1,4359,3,0.0-46.1,16058280,2789372
20191008114806,10.1.0.1,4359,10.1.0.2,8859,3,0.0-46.0,16058280,2789798,0.063,0,10924,0.000,0
20191008114806,10.1.0.2,8804,10.1.0.1,4304,3,0.0-71.3,37720200,4233213
20191008114807,10.1.0.2,8760,10.1.0.1,4260,3,0.0-99.1,46447590,3750910
20191008114807,10.1.0.2,8879,10.1.0.1,4379,3,0.0-34.0,5358150,1261563
20191008114807,10.1.0.1,4379,10.1.0.2,8879,3,0.0-34.0,5358150,1261940,0.098,0,3645,0.000,0
20191008114808,10.1.0.2,8799,10.1.0.1,4299,3,0.0-75.1,84767550,9029626
20191008114808,10.1.0.1,4299,10.1.0.2,8799,3,0.0-75.1,84767550,9031708,0.080,0,57665,0.000,13
20191008114809,10.1.0.2,8837,10.1.0.1,4337,3,0.0-59.8,4123350,551935
20191008114809,10.1.0.1,4337,10.1.0.2,8837,3,0.0-59.8,4123350,552020,0.090,0,2805,0.000,0
20191008114809,10.1.0.2,8838,10.1.0.1,4338,3,0.0-58.8,10454640,1422334
20191008114809,10.1.0.1,4338,10.1.0.2,8838,3,0.0-58.8,10454640,1423269,0.078,0,7112,0.000,3
20191008114809,10.1.0.2,8848,10.1.0.1,4348,3,0.0-54.7,1862490,272383
20191008114809,10.1.0.1,4348,10.1.0.2,8848,3,0.0-54.7,1862490,272552,0.621,0,1267,0.000,0
20191008114810,10.1.0.2,8874,10.1.0.1,4374,3,0.0-39.5,4789260,970751
20191008114810,10.1.0.1,4374,10.1.0.2,8874,3,0.0-39.4,4789260,971505,0.132,0,3258,0.000,0
20191008114811,10.1.0.2,8863,10.1.0.1,4363,3,0.0-47.6,474810,79871
20191008114811,10.1.0.1,4363,10.1.0.2,8863,3,0.0-47.5,474810,79895,0.221,0,323,0.000,0
20191008114811,10.1.0.2,8917,10.1.0.1,4417,3,0.0-14.6,2265270,1238007
20191008114811,10.1.0.1,4417,10.1.0.2,8917,3,0.0-14.6,2265270,1240175,0.239,0,1541,0.000,1
20191008114813,10.1.0.2,8895,10.1.0.1,4395,3,0.0-32.0,16938810,4234239
20191008114813,10.1.0.1,4395,10.1.0.2,8895,3,0.0-32.0,16938810,4235043,0.068,0,11523,0.000,1
20191008114813,10.1.0.2,8857,10.1.0.1,4357,3,0.0-54.1,5816790,860158
20191008114813,10.1.0.1,4357,10.1.0.2,8857,3,0.0-54.1,5816790,860287,1.053,0,3957,0.000,0
20191008114814,10.1.0.2,8773,10.1.0.1,4273,3,0.0-95.5,11164650,934911
20191008114814,10.1.0.1,4273,10.1.0.2,8773,3,0.0-95.5,11164650,935293,0.092,0,7595,0.000,0
20191008114815,10.1.0.2,8884,10.1.0.1,4384,3,0.0-41.7,3833760,735230
20191008114816,10.1.0.2,8786,10.1.0.1,4286,3,0.0-91.2,14101710,1236991
20191008114816,10.1.0.2,8830,10.1.0.1,4330,3,0.0-70.8,2456370,277503
20191008114816,10.1.0.2,8811,10.1.0.1,4311,3,0.0-77.3,22286670,2306045
20191008114816,10.1.0.1,4311,10.1.0.2,8811,3,0.0-77.3,22286670,2306834,0.115,0,15161,0.000,1
20191008114817,10.1.0.2,8943,10.1.0.1,4443,3,0.0-6.5,474810,582649
20191008114817,10.1.0.1,4443,10.1.0.2,8943,3,0.0-6.5,474810,585835,0.082,0,323,0.000,0
20191008114818,10.1.0.2,8840,10.1.0.1,4340,3,0.0-66.8,28470960,3411963
20191008114818,10.1.0.2,8805,10.1.0.1,4305,3,0.0-81.6,30871470,3024893
20191008114818,10.1.0.1,4340,10.1.0.2,8840,3,0.0-66.7,28470960,3412789,0.154,0,19368,0.000,4
20191008114818,10.1.0.1,4305,10.1.0.2,8805,3,0.0-81.6,30871470,3026327,0.112,0,21001,0.000,9
20191008114819,10.1.0.2,8788,10.1.0.1,4288,3,0.0-93.1,48668760,4180989
20191008114820,10.1.0.2,8800,10.1.0.1,4300,3,0.0-86.0,32281200,3003389
20191008114820,10.1.0.1,4300,10.1.0.2,8800,3,0.0-85.9,32281200,3005082,0.211,0,21960,0.000,11
20191008114821,10.1.0.2,8894,10.1.0.1,4394,3,0.0-41.0,3351600,653310
20191008114821,10.1.0.1,4394,10.1.0.2,8894,3,0.0-41.0,3351600,654049,0.095,0,2280,0.000,0
20191008114821,10.1.0.2,8813,10.1.0.1,4313,3,0.0-82.5,59268930,5745661
20191008114821,10.1.0.1,4313,10.1.0.2,8813,3,0.0-82.5,59268930,5746103,0.066,0,40319,0.000,2
20191008114822,10.1.0.2,8908,10.1.0.1,4408,3,0.0-32.7,5221440,1276926
20191008114822,10.1.0.1,4408,10.1.0.2,8908,3,0.0-32.7,5221440,1278773,0.317,0,3552,0.000,2
20191008114822,10.1.0.2,8885,10.1.0.1,4385,3,0.0-47.5,47109090,7928825
20191008114822,10.1.0.1,4385,10.1.0.2,8885,3,0.0-47.5,47109090,7937760,0.068,0,32047,0.000,36
20191008114822,10.1.0.2,8807,10.1.0.1,4307,3,0.0-86.0,66567480,6192124
20191008114822,10.1.0.1,4307,10.1.0.2,8807,3,0.0-86.0,66567480,6195898,0.061,0,45284,0.000,27
20191008114822,10.1.0.2,8913,10.1.0.1,4413,3,0.0-27.6,14425110,4188137
20191008114822,10.1.0.1,4413,10.1.0.2,8913,3,0.0-27.5,14425110,4189091,0.074,0,9813,0.000,1
20191008114822,10.1.0.2,8911,10.1.0.1,4411,3,0.0-30.7,1625820,423934
20191008114823,10.1.0.1,4411,10.1.0.2,8911,3,0.0-30.6,1625820,424612,0.143,0,1106,0.000,0
20191008114824,10.1.0.2,8809,10.1.0.1,4309,3,0.0-85.9,274890,25599
20191008114824,10.1.0.1,4309,10.1.0.2,8809,3,0.0-85.9,274890,25604,62.603,0,187,0.000,0
20191008114824,10.1.0.2,8802,10.1.0.1,4302,3,0.0-90.5,7263270,642047
20191008114824,10.1.0.1,4302,10.1.0.2,8802,3,0.0-90.5,7263270,642255,0.157,0,4941,0.000,0
20191008114828,10.1.0.2,8922,10.1.0.1,4422,3,0.0-27.8,873180,250878
20191008114828,10.1.0.2,8795,10.1.0.1,4295,3,0.0-96.2,30918510,2570238
20191008114828,10.1.0.2,8909,10.1.0.1,4409,3,0.0-39.3,432180,88063
20191008114828,10.1.0.1,4409,10.1.0.2,8909,3,0.0-39.2,432180,88101,0.060,0,294,0.000,0
20191008114828,10.1.0.2,8932,10.1.0.1,4432,3,0.0-22.1,3234000,1172477
20191008114828,10.1.0.1,4295,10.1.0.2,8795,3,0.0-96.2,30918510,2570878,0.088,0,21033,0.000,4
20191008114828,10.1.0.1,4422,10.1.0.2,8922,3,0.0-27.8,873180,251129,0.426,0,594,0.000,0
20191008114828,10.1.0.1,4432,10.1.0.2,8932,3,0.0-22.1,3234000,1172894,0.099,0,2200,0.000,0
20191008114829,10.1.0.2,8972,10.1.0.1,4472,3,0.0-5.5,1883070,2721745
20191008114829,10.1.0.1,4472,10.1.0.2,8972,3,0.0-5.5,1883070,2729553,0.107,0,1281,0.000,3
20191008114831,10.1.0.2,8829,10.1.0.1,4329,3,0.0-86.2,17685570,1640447
20191008114831,10.1.0.1,4329,10.1.0.2,8829,3,0.0-86.2,17685570,1640739,0.057,0,12031,0.000,0
20191008114832,10.1.0.2,8930,10.1.0.1,4430,3,0.0-26.4,13867980,4198393
20191008114832,10.1.0.1,4430,10.1.0.2,8930,3,0.0-26.4,13867980,4207000,0.880,0,9434,0.000,14
20191008114832,10.1.0.2,8812,10.1.0.1,4312,3,0.0-93.2,28645890,2457597
20191008114832,10.1.0.1,4312,10.1.0.2,8812,3,0.0-93.2,28645890,2457744,0.181,0,19487,0.000,0
20191008114832,10.1.0.2,8919,10.1.0.1,4419,3,0.0-34.3,6498870,1517564
20191008114832,10.1.0.1,4419,10.1.0.2,8919,3,0.0-34.3,6498870,1517798,0.063,0,4421,0.000,0
20191008114833,10.1.0.2,8924,10.1.0.1,4424,3,0.0-31.1,4878930,1255422
20191008114833,10.1.0.1,4424,10.1.0.2,8924,3,0.0-31.1,4878930,1256070,0.100,0,3319,0.000,1
20191008114834,10.1.0.2,8949,10.1.0.1,4449,3,0.0-20.6,4208610,1634300
20191008114834,10.1.0.2,8887,10.1.0.1,4387,3,0.0-58.8,511560,69631
20191008114834,10.1.0.1,4449,10.1.0.2,8949,3,0.0-20.6,4208610,1638146,0.252,0,2863,0.000,6
20191008114834,10.1.0.2,8931,10.1.0.1,4431,3,0.0-27.6,7930650,2295801
20191008114834,10.1.0.2,8957,10.1.0.1,4457,3,0.0-18.6,69090,29695
20191008114834,10.1.0.1,4457,10.1.0.2,8957,3,0.0-18.6,69090,29730,0.072,0,47,0.000,0
20191008114834,10.1.0.1,4387,10.1.0.2,8887,3,0.0-58.7,511560,69696,0.100,0,348,0.000,0
20191008114834,10.1.0.1,4431,10.1.0.2,8931,3,0.0-27.6,7930650,2299737,0.144,0,5395,0.000,8
20191008114834,10.1.0.2,8944,10.1.0.1,4444,3,0.0-23.5,3808770,1298429
20191008114834,10.1.0.1,4444,10.1.0.2,8944,3,0.0-23.4,3808770,1300797,0.081,0,2591,0.000,3
20191008114835,10.1.0.2,8851,10.1.0.1,4351,3,0.0-79.0,30692130,3107837
20191008114835,10.1.0.1,4351,10.1.0.2,8851,3,0.0-79.0,30692130,3108669,0.060,0,20879,0.000,5
20191008114835,10.1.0.2,8820,10.1.0.1,4320,3,0.0-94.8,12308310,1038335
20191008114835,10.1.0.1,4320,10.1.0.2,8820,3,0.0-94.8,12308310,1038550,0.101,0,8373,0.000,0
20191008114836,10.1.0.2,8947,10.1.0.1,4447,3,0.0-23.9,6029940,2014201
20191008114836,10.1.0.1,4447,10.1.0.2,8947,3,0.0-23.9,6029940,2014790,0.325,0,4102,0.000,0
20191008114836,10.1.0.2,8825,10.1.0.1,4325,3,0.0-93.5,3924900,335871
20191008114836,10.1.0.1,4325,10.1.0.2,8825,3,0.0-93.5,3924900,335894,0.375,0,2670,0.000,0
20191008114836,10.1.0.2,8950,10.1.0.1,4450,3,0.0-23.2,5314050,1830906
20191008114836,10.1.0.1,4450,10.1.0.2,8950,3,0.0-23.2,5314050,1834828,0.118,0,3615,0.000,6
20191008114837,10.1.0.2,8937,10.1.0.1,4437,3,0.0-28.5,3497130,980990
20191008114837,10.1.0.1,4437,10.1.0.2,8937,3,0.0-28.5,3497130,981159,0.084,0,2379,0.000,0
20191008114837,10.1.0.2,8958,10.1.0.1,4458,3,0.0-21.8,6504750,2382839
20191008114837,10.1.0.2,8910,10.1.0.1,4410,3,0.0-46.8,1730190,295935
20191008114837,10.1.0.1,4410,10.1.0.2,8910,3,0.0-46.8,1730190,295994,0.155,0,1177,0.000,0
20191008114838,10.1.0.2,8867,10.1.0.1,4367,3,0.0-70.2,7569030,862207
20191008114838,10.1.0.1,4367,10.1.0.2,8867,3,0.0-70.2,7569030,862595,62.551,0,5149,0.000,0
20191008114839,10.1.0.2,8915,10.1.0.1,4415,3,0.0-43.4,15011640,2764797
20191008114839,10.1.0.1,4415,10.1.0.2,8915,3,0.0-43.4,15011640,2767989,0.070,0,10212,0.000,11
20191008114841,10.1.0.2,8961,10.1.0.1,4461,3,0.0-21.9,4821600,1761276
20191008114841,10.1.0.1,4461,10.1.0.2,8961,3,0.0-21.8,4821600,1765557,0.080,0,3280,0.000,7
20191008114841,10.1.0.2,8959,10.1.0.1,4459,3,0.0-25.5,502740,157695
20191008114841,10.1.0.1,4459,10.1.0.2,8959,3,0.0-25.5,502740,157770,0.081,0,342,0.000,0
20191008114842,10.1.0.2,8975,10.1.0.1,4475,3,0.0-16.0,4824540,2408441
20191008114842,10.1.0.1,4475,10.1.0.2,8975,3,0.0-16.0,4824540,2412089,0.444,0,3282,0.000,4
20191008114842,10.1.0.2,8905,10.1.0.1,4405,3,0.0-54.2,3010560,444415
20191008114842,10.1.0.1,4405,10.1.0.2,8905,3,0.0-54.2,3010560,444574,0.506,0,2048,0.000,0
20191008114842,10.1.0.2,8854,10.1.0.1,4354,3,0.0-83.9,22017660,2100221
20191008114842,10.1.0.1,4354,10.1.0.2,8854,3,0.0-83.9,22017660,2100443,0.121,0,14978,0.000,0
20191008114842,10.1.0.2,8952,10.1.0.1,4452,3,0.0-29.1,17640000,4853760
20191008114843,10.1.0.2,8974,10.1.0.1,4474,3,0.0-18.0,289590,129023
20191008114843,10.1.0.1,4474,10.1.0.2,8974,3,0.0-17.9,289590,129094,0.108,0,197,0.000,0
20191008114843,10.1.0.2,8852,10.1.0.1,4352,3,0.0-86.3,4617270,428031
20191008114843,10.1.0.1,4352,10.1.0.2,8852,3,0.0-86.3,4617270,428099,0.079,0,3141,0.000,0
20191008114844,10.1.0.2,8938,10.1.0.1,4438,3,0.0-35.5,6128430,1382397
20191008114844,10.1.0.1,4438,10.1.0.2,8938,3,0.0-35.4,6128430,1383415,0.391,0,4169,0.000,0
20191008114844,10.1.0.2,8942,10.1.0.1,4442,3,0.0-34.1,4571700,1072126
20191008114844,10.1.0.1,4442,10.1.0.2,8942,3,0.0-34.1,4571700,1073773,0.219,0,3110,0.000,2
20191008114845,10.1.0.2,8877,10.1.0.1,4377,3,0.0-73.2,48462960,5299197
20191008114845,10.1.0.1,4377,10.1.0.2,8877,3,0.0-73.1,48462960,5302101,0.066,0,32968,0.000,17
20191008114845,10.1.0.2,8870,10.1.0.1,4370,3,0.0-77.4,2663640,275455
20191008114846,10.1.0.1,4370,10.1.0.2,8870,3,0.0-77.3,2663640,275495,0.126,0,1812,0.000,0
20191008114846,10.1.0.2,8872,10.1.0.1,4372,3,0.0-75.6,27340530,2891772
20191008114846,10.1.0.1,4372,10.1.0.2,8872,3,0.0-75.6,27340530,2891995,0.259,0,18599,0.000,0
20191008114846,10.1.0.2,8906,10.1.0.1,4406,3,0.0-57.7,32598720,4517882
20191008114846,10.1.0.1,4406,10.1.0.2,8906,3,0.0-57.7,32598720,4521175,0.128,0,22176,0.000,15
20191008114846,10.1.0.2,8876,10.1.0.1,4376,3,0.0-75.0,2169720,231423
20191008114846,10.1.0.1,4376,10.1.0.2,8876,3,0.0-75.0,2169720,231524,0.192,0,1476,0.000,0
20191008114846,10.1.0.2,8856,10.1.0.1,4356,3,0.0-87.9,105282870,9577463
20191008114846,10.1.0.1,4356,10.1.0.2,8856,3,0.0-87.9,105282870,9578390,0.118,0,71621,0.000,7
20191008114849,10.1.0.2,8934,10.1.0.1,4434,3,0.0-41.6,554190,106495
20191008114849,10.1.0.1,4434,10.1.0.2,8934,3,0.0-41.6,554190,106525,0.111,0,377,0.000,0
20191008114849,10.1.0.2,8990,10.1.0.1,4490,3,0.0-15.7,4214490,2145270
20191008114849,10.1.0.1,4490,10.1.0.2,8990,3,0.0-15.7,4214490,2147177,0.114,0,2867,0.000,1
20191008114849,10.1.0.2,8903,10.1.0.1,4403,3,0.0-63.3,3595620,454655
20191008114849,10.1.0.1,4403,10.1.0.2,8903,3,0.0-63.2,3595620,454900,0.078,0,2446,0.000,0
20191008114850,10.1.0.2,8858,10.1.0.1,4358,3,0.0-89.3,43381170,3886077
20191008114850,10.1.0.2,8988,10.1.0.1,4488,3,0.0-16.9,7497000,3550188
20191008114850,10.1.0.1,4488,10.1.0.2,8988,3,0.0-16.9,7497000,3557572,0.092,0,5100,0.000,10
20191008114850,10.1.0.1,4358,10.1.0.2,8858,3,0.0-89.3,43381170,3886581,0.077,0,29511,0.000,3
20191008114851,10.1.0.2,8969,10.1.0.1,4469,3,0.0-29.3,7323540,1999865
20191008114851,10.1.0.1,4469,10.1.0.2,8969,3,0.0-29.3,7323540,2000451,0.055,0,4982,0.000,0
20191008114853,10.1.0.2,8871,10.1.0.1,4371,3,0.0-82.7,45693480,4421627
20191008114853,10.1.0.1,4371,10.1.0.2,8871,3,0.0-82.7,45693480,4422584,0.059,0,31084,0.000,6
20191008114853,10.1.0.2,8982,10.1.0.1,4482,3,0.0-23.1,1321530,457727
20191008114853,10.1.0.1,4482,10.1.0.2,8982,3,0.0-23.1,1321530,457938,0.108,0,899,0.000,0
20191008114854,10.1.0.2,8904,10.1.0.1,4404,3,0.0-67.0,5074440,606207
20191008114854,10.1.0.1,4404,10.1.0.2,8904,3,0.0-67.0,5074440,606341,0.107,0,3452,0.000,0
20191008114854,10.1.0.2,8968,10.1.0.1,4468,3,0.0-32.3,10691310,2644988
20191008114854,10.1.0.1,4468,10.1.0.2,8968,3,0.0-32.3,10691310,2646403,0.100,0,7273,0.000,3
20191008114854,10.1.0.2,8971,10.1.0.1,4471,3,0.0-31.3,35713650,9142249
20191008114854,10.1.0.1,4471,10.1.0.2,8971,3,0.0-31.2,35713650,9157531,0.078,0,24295,0.000,40
20191008114855,10.1.0.2,8869,10.1.0.1,4369,3,0.0-86.6,1264200,116735
20191008114855,10.1.0.1,4369,10.1.0.2,8869,3,0.0-86.6,1264200,116775,0.074,0,860,0.000,0
20191008114855,10.1.0.2,8901,10.1.0.1,4401,3,0.0-69.7,2266740,260095
20191008114855,10.1.0.1,4401,10.1.0.2,8901,3,0.0-69.7,2266740,260242,0.066,0,1542,0.000,0
20191008114855,10.1.0.2,8896,10.1.0.1,4396,3,0.0-73.7,13238820,1436670
20191008114855,10.1.0.1,4396,10.1.0.2,8896,3,0.0-73.7,13238820,1437614,0.119,0,9006,0.000,2
20191008114856,10.1.0.2,8979,10.1.0.1,4479,3,0.0-28.8,14373660,3989497
20191008114856,10.1.0.2,8873,10.1.0.1,4373,3,0.0-85.6,383670,35839
20191008114856,10.1.0.1,4373,10.1.0.2,8873,3,0.0-85.6,383670,35860,0.115,0,261,0.000,0
20191008114856,10.1.0.2,8861,10.1.0.1,4361,3,0.0-94.3,21903000,1858559
20191008114856,10.1.0.1,4361,10.1.0.2,8861,3,0.0-94.3,21903000,1858785,0.270,0,14900,0.000,1
20191008114856,10.1.0.1,4479,10.1.0.2,8979,3,0.0-28.8,14373660,3991344,1.014,0,9778,0.000,3
20191008114857,10.1.0.2,8875,10.1.0.1,4375,3,0.0-85.6,25952850,2425853
20191008114857,10.1.0.1,4375,10.1.0.2,8875,3,0.0-85.6,25952850,2425982,0.080,0,17655,0.000,0
20191008114857,10.1.0.2,8886,10.1.0.1,4386,3,0.0-82.1,24075660,2344957
20191008114857,10.1.0.2,8965,10.1.0.1,4465,3,0.0-37.7,2038890,432127
20191008114857,10.1.0.1,4465,10.1.0.2,8965,3,0.0-37.7,2038890,432173,0.091,0,1387,0.000,0
20191008114858,10.1.0.2,8880,10.1.0.1,4380,3,0.0-85.0,17440080,1641470
20191008114858,10.1.0.1,4380,10.1.0.2,8880,3,0.0-85.0,17440080,1641540,0.111,0,11864,0.000,0
20191008114858,10.1.0.2,8862,10.1.0.1,4362,3,0.0-94.9,21291480,1795070
20191008114858,10.1.0.1,4362,10.1.0.2,8862,3,0.0-94.9,21291480,1795637,0.177,0,14484,0.000,3
20191008114859,10.1.0.2,8929,10.1.0.1,4429,3,0.0-54.4,1915410,281599
20191008114859,10.1.0.1,4429,10.1.0.2,8929,3,0.0-54.4,1915410,281677,0.085,0,1303,0.000,0
20191008114900,10.1.0.2,8967,10.1.0.1,4467,3,0.0-38.3,22139670,4620276
20191008114900,10.1.0.1,4467,10.1.0.2,8967,3,0.0-38.3,22139670,4623410,0.066,0,15061,0.000,9
20191008114900,10.1.0.2,8889,10.1.0.1,4389,3,0.0-83.5,5512500,528383
20191008114900,10.1.0.1,4389,10.1.0.2,8889,3,0.0-83.4,5512500,528600,0.081,0,3750,0.000,0
20191008114902,10.1.0.2,8907,10.1.0.1,4407,3,0.0-73.3,5271420,575487
20191008114902,10.1.0.1,4407,10.1.0.2,8907,3,0.0-73.2,5271420,575863,0.185,0,3586,0.000,1
20191008114902,10.1.0.2,8941,10.1.0.1,4441,3,0.0-52.2,5929980,909310
20191008114902,10.1.0.1,4441,10.1.0.2,8941,3,0.0-52.1,5929980,910208,0.281,0,4034,0.000,3
20191008114903,10.1.0.2,8899,10.1.0.1,4399,3,0.0-79.5,6053460,609279
20191008114903,10.1.0.1,4399,10.1.0.2,8899,3,0.0-79.5,6053460,609459,0.082,0,4118,0.000,0
20191008114903,10.1.0.2,8981,10.1.0.1,4481,3,0.0-33.4,380730,91135
20191008114903,10.1.0.1,4481,10.1.0.2,8981,3,0.0-33.4,380730,91148,0.110,0,259,0.000,0
20191008114904,10.1.0.2,8912,10.1.0.1,4412,3,0.0-72.2,35613690,3946491
20191008114904,10.1.0.1,4412,10.1.0.2,8912,3,0.0-72.2,35613690,3947482,0.114,0,24227,0.000,5
20191008114906,10.1.0.2,8955,10.1.0.1,4455,3,0.0-51.1,19233480,3008509
20191008114906,10.1.0.1,4455,10.1.0.2,8955,3,0.0-51.1,19233480,3010858,0.063,0,13084,0.000,9
20191008114906,10.1.0.2,8866,10.1.0.1,4366,3,0.0-99.3,4154220,334847
20191008114906,10.1.0.1,4366,10.1.0.2,8866,3,0.0-99.2,4154220,334893,0.102,0,2826,0.000,0
20191008114907,10.1.0.2,8992,10.1.0.1,4492,3,0.0-32.1,9391830,2337787
20191008114907,10.1.0.1,4492,10.1.0.2,8992,3,0.0-32.1,9391830,2339454,0.138,0,6389,0.000,3
20191008114908,10.1.0.2,8983,10.1.0.1,4483,3,0.0-37.3,11787930,2529273
20191008114908,10.1.0.2,8973,10.1.0.1,4473,3,0.0-43.5,15995070,2943994
20191008114908,10.1.0.1,4473,10.1.0.2,8973,3,0.0-43.5,15995070,2944737,0.064,0,10881,0.000,2
20191008114908,10.1.0.2,8995,10.1.0.1,4495,3,0.0-31.8,1572900,395263
20191008114908,10.1.0.1,4483,10.1.0.2,8983,3,0.0-37.2,11787930,2532968,0.058,0,8019,0.000,11
20191008114908,10.1.0.1,4495,10.1.0.2,8995,3,0.0-31.8,1572900,395934,0.241,0,1070,0.000,0
20191008114909,10.1.0.2,8897,10.1.0.1,4397,3,0.0-87.4,1555260,142335
20191008114909,10.1.0.1,4397,10.1.0.2,8897,3,0.0-87.4,1555260,142345,0.088,0,1058,0.000,0
20191008114910,10.1.0.2,9000,10.1.0.1,4500,3,0.0-32.6,5414010,1328123
20191008114911,10.1.0.2,8960,10.1.0.1,4460,3,0.0-53.1,27597780,4154362
20191008114911,10.1.0.2,8939,10.1.0.1,4439,3,0.0-62.2,26116020,3359741
20191008114911,10.1.0.1,4439,10.1.0.2,8939,3,0.0-62.2,26116020,3360661,0.105,0,17766,0.000,4
20191008114911,10.1.0.2,8998,10.1.0.1,4498,3,0.0-34.2,15637860,3661818
20191008114912,10.1.0.2,8928,10.1.0.1,4428,3,0.0-68.0,9258060,1089534
20191008114912,10.1.0.1,4428,10.1.0.2,8928,3,0.0-68.0,9258060,1089984,0.113,0,6298,0.000,1
20191008114912,10.1.0.2,8948,10.1.0.1,4448,3,0.0-60.0,27760950,3698682
20191008114912,10.1.0.1,4448,10.1.0.2,8948,3,0.0-60.0,27760950,3699944,0.125,0,18885,0.000,6
20191008114913,10.1.0.2,8945,10.1.0.1,4445,3,0.0-61.4,22849680,2977788
20191008114913,10.1.0.1,4445,10.1.0.2,8945,3,0.0-61.4,22849680,2978914,0.070,0,15544,0.000,5
20191008114913,10.1.0.2,8999,10.1.0.1,4499,3,0.0-35.7,8526000,1912827
20191008114913,10.1.0.1,4499,10.1.0.2,8999,3,0.0-35.7,8526000,1913153,0.065,0,5800,0.000,0
20191008114914,10.1.0.2,8916,10.1.0.1,4416,3,0.0-78.9,19733280,2000893
20191008114914,10.1.0.1,4416,10.1.0.2,8916,3,0.0-78.9,19733280,2001008,0.225,0,13424,0.000,0
20191008114915,10.1.0.2,8951,10.1.0.1,4451,3,0.0-62.0,35920920,4637689
20191008114915,10.1.0.1,4451,10.1.0.2,8951,3,0.0-62.0,35920920,4638466,0.051,0,24436,0.000,3
20191008114916,10.1.0.2,8890,10.1.0.1,4390,3,0.0-98.5,16321410,1326078
20191008114916,10.1.0.1,4390,10.1.0.2,8890,3,0.0-98.5,16321410,1326194,0.083,0,11103,0.000,0
20191008114917,10.1.0.2,8993,10.1.0.1,4493,3,0.0-42.1,3460380,657407
20191008114917,10.1.0.1,4493,10.1.0.2,8993,3,0.0-42.1,3460380,658031,0.069,0,2354,0.000,0
20191008114918,10.1.0.2,8946,10.1.0.1,4446,3,0.0-66.7,14198730,1702910
20191008114918,10.1.0.1,4446,10.1.0.2,8946,3,0.0-66.7,14198730,1704218,0.464,0,9659,0.000,6
20191008114919,10.1.0.2,8970,10.1.0.1,4470,3,0.0-57.0,46725420,6557683
20191008114919,10.1.0.1,4470,10.1.0.2,8970,3,0.0-57.0,46725420,6558153,0.097,0,31786,0.000,2
20191008114920,10.1.0.2,8900,10.1.0.1,4400,3,0.0-96.4,30955260,2568189
20191008114920,10.1.0.1,4400,10.1.0.2,8900,3,0.0-96.4,30955260,2568295,0.652,0,21058,0.000,1
20191008114921,10.1.0.2,8923,10.1.0.1,4423,3,0.0-79.3,11066160,1116158
20191008114921,10.1.0.1,4423,10.1.0.2,8923,3,0.0-79.3,11066160,1116649,0.082,0,7528,0.000,0
20191008114921,10.1.0.2,8926,10.1.0.1,4426,3,0.0-78.3,18979170,1939454
20191008114921,10.1.0.1,4426,10.1.0.2,8926,3,0.0-78.2,18979170,1940390,0.073,0,12911,0.000,5
20191008114924,10.1.0.2,8997,10.1.0.1,4497,3,0.0-47.6,10658970,1793020
20191008114925,10.1.0.1,4497,10.1.0.2,8997,3,0.0-47.5,10658970,1795008,0.269,0,7251,0.000,5
20191008114928,10.1.0.2,8953,10.1.0.1,4453,3,0.0-74.5,15305640,1642494
20191008114928,10.1.0.1,4453,10.1.0.2,8953,3,0.0-74.5,15305640,1643104,0.065,0,10412,0.000,3
20191008114928,10.1.0.2,8925,10.1.0.1,4425,3,0.0-85.7,12850740,1199103
20191008114929,10.1.0.1,4425,10.1.0.2,8925,3,0.0-85.7,12850740,1199521,0.212,0,8742,0.000,0
20191008114929,10.1.0.2,8927,10.1.0.1,4427,3,0.0-85.5,38071530,3562493
20191008114929,10.1.0.1,4427,10.1.0.2,8927,3,0.0-85.5,38071530,3563484,0.069,0,25899,0.000,5
20191008114931,10.1.0.2,8918,10.1.0.1,4418,3,0.0-93.5,20482980,1753086
20191008114931,10.1.0.1,4418,10.1.0.2,8918,3,0.0-93.4,20482980,1753929,0.073,0,13934,0.000,6
20191008114931,10.1.0.2,8964,10.1.0.1,4464,3,0.0-71.7,1120140,124927
20191008114931,10.1.0.2,8914,10.1.0.1,4414,3,0.0-96.3,16390500,1361918
20191008114931,10.1.0.1,4414,10.1.0.2,8914,3,0.0-96.2,16390500,1362651,0.066,0,11150,0.000,3
20191008114931,10.1.0.1,4464,10.1.0.2,8964,3,0.0-71.7,1120140,124956,0.060,0,762,0.000,0
20191008114932,10.1.0.2,8980,10.1.0.1,4480,3,0.0-64.0,6506220,813054
20191008114932,10.1.0.1,4480,10.1.0.2,8980,3,0.0-64.0,6506220,813176,0.091,0,4426,0.000,0
20191008114934,10.1.0.2,8921,10.1.0.1,4421,3,0.0-93.9,901110,76799
20191008114934,10.1.0.1,4421,10.1.0.2,8921,3,0.0-93.9,901110,76812,0.058,0,613,0.000,0
20191008114935,10.1.0.2,8954,10.1.0.1,4454,3,0.0-80.4,12611130,1254398
20191008114936,10.1.0.2,8977,10.1.0.1,4477,3,0.0-69.8,8187900,937982
20191008114937,10.1.0.1,4477,10.1.0.2,8977,3,0.0-69.8,8187900,938436,0.698,0,5570,0.000,1
20191008114937,10.1.0.2,8989,10.1.0.1,4489,3,0.0-63.9,11604180,1452030
20191008114937,10.1.0.1,4489,10.1.0.2,8989,3,0.0-63.9,11604180,1453198,0.096,0,7894,0.000,4
20191008114939,10.1.0.2,8987,10.1.0.1,4487,3,0.0-66.1,17716440,2145278
20191008114939,10.1.0.1,4487,10.1.0.2,8987,3,0.0-66.1,17716440,2145510,0.122,0,12052,0.000,0
20191008114940,10.1.0.2,8956,10.1.0.1,4456,3,0.0-85.6,33091170,3093501
20191008114943,10.1.0.2,8935,10.1.0.1,4435,3,0.0-95.0,316050,26623
20191008114943,10.1.0.1,4435,10.1.0.2,8935,3,0.0-94.9,316050,26635,62.555,0,215,0.000,0
20191008114944,10.1.0.2,8994,10.1.0.1,4494,3,0.0-68.3,28725270,3363835
20191008114944,10.1.0.1,4494,10.1.0.2,8994,3,0.0-68.3,28725270,3365016,0.080,0,19541,0.000,6
20191008114946,10.1.0.2,8933,10.1.0.1,4433,3,0.0-98.4,16178820,1314815
20191008114946,10.1.0.1,4433,10.1.0.2,8933,3,0.0-98.4,16178820,1315316,0.051,0,11006,0.000,1
20191008114946,10.1.0.2,8936,10.1.0.1,4436,3,0.0-97.8,11829090,967679
20191008114946,10.1.0.1,4436,10.1.0.2,8936,3,0.0-97.8,11829090,967880,0.072,0,8047,0.000,0
20191008114946,10.1.0.2,8940,10.1.0.1,4440,3,0.0-96.3,4289460,356351
20191008114946,10.1.0.1,4440,10.1.0.2,8940,3,0.0-96.3,4289460,356409,0.112,0,2918,0.000,0
20191008114949,10.1.0.2,8963,10.1.0.1,4463,3,0.0-90.0,8809710,783359
20191008114949,10.1.0.1,4463,10.1.0.2,8963,3,0.0-89.9,8809710,783791,0.083,0,5993,0.000,0
20191008114951,10.1.0.2,8966,10.1.0.1,4466,3,0.0-90.8,7116270,626687
20191008114951,10.1.0.1,4466,10.1.0.2,8966,3,0.0-90.8,7116270,626888,0.790,0,4841,0.000,0
20191008114953,10.1.0.2,8991,10.1.0.1,4491,3,0.0-78.2,5518380,564223
20191008114953,10.1.0.1,4491,10.1.0.2,8991,3,0.0-78.2,5518380,564559,0.048,0,3754,0.000,0
20191008114954,10.1.0.2,8978,10.1.0.1,4478,3,0.0-87.7,10037160,915455
20191008114954,10.1.0.1,4478,10.1.0.2,8978,3,0.0-87.7,10037160,915657,0.094,0,6828,0.000,0
20191008114956,10.1.0.2,8962,10.1.0.1,4462,3,0.0-97.1,47967570,3950589
20191008114959,10.1.0.2,8985,10.1.0.1,4485,3,0.0-87.1,22285200,2045948
20191008114959,10.1.0.1,4485,10.1.0.2,8985,3,0.0-87.1,22285200,2046765,0.310,0,15160,0.000,6
20191008115000,10.1.0.2,8976,10.1.0.1,4476,3,0.0-94.0,15118950,1286143
20191008115000,10.1.0.1,4476,10.1.0.2,8976,3,0.0-94.0,15118950,1286633,0.062,0,10285,0.000,3
20191008115008,10.1.0.2,8984,10.1.0.1,4484,3,0.0-97.1,44561580,3673084
20191008115008,10.1.0.1,4484,10.1.0.2,8984,3,0.0-97.0,44561580,3673829,0.028,0,30314,0.000,5
20191008115009,10.1.0.2,8986,10.1.0.1,4486,3,0.0-97.0,6604710,544767
20191008115009,10.1.0.1,4486,10.1.0.2,8986,3,0.0-97.0,6604710,544932,0.231,0,4493,0.000,0
20191008115014,10.1.0.2,8996,10.1.0.1,4496,3,0.0-97.5,5638920,462847
20191008115014,10.1.0.1,4496,10.1.0.2,8996,3,0.0-97.4,5638920,463082,0.041,0,3836,0.000,1
